"","xbin","zbin","vai"
"1",1,0,0
"2",1,1,0
"3",1,2,0.339891408401803
"4",1,3,0
"5",1,4,0.254918556301352
"6",1,5,0
"7",1,6,0
"8",1,7,0
"9",1,8,0
"10",1,9,0
"11",1,10,0
"12",1,11,0
"13",1,12,0
"14",1,13,0
"15",1,14,0
"16",1,15,0
"17",1,16,0
"18",1,17,0
"19",1,18,0
"20",1,19,0
"21",1,20,0.0424864260502253
"22",1,21,0.0339891408401803
"23",1,22,0
"24",1,23,0
"25",1,24,0
"26",1,25,0
"27",1,26,0
"28",2,0,0
"29",2,1,0
"30",2,2,4.86640787929834
"31",2,3,0
"32",2,4,0
"33",2,5,0
"34",2,6,0.578257808096949
"35",2,7,0.260019571825576
"36",2,8,0
"37",2,9,0.728518680428302
"38",2,10,0
"39",2,11,0
"40",2,12,0
"41",2,13,0
"42",2,14,0
"43",2,15,0
"44",2,16,0
"45",2,17,0
"46",2,18,0
"47",2,19,0
"48",2,20,1.56679606035083
"49",2,21,0
"50",2,22,0
"51",2,23,0
"52",2,24,0
"53",2,25,0
"54",2,26,0
"55",3,0,0
"56",3,1,0
"57",3,2,0.190561694537678
"58",3,3,1.89680039582013
"59",3,4,1.86937942773401
"60",3,5,0
"61",3,6,1.74644115814202
"62",3,7,2.29681732376616
"63",3,8,0
"64",3,9,0
"65",3,10,0
"66",3,11,0
"67",3,12,0
"68",3,13,0
"69",3,14,0
"70",3,15,0
"71",3,16,0
"72",3,17,0
"73",3,18,0
"74",3,19,0
"75",3,20,0
"76",3,21,0
"77",3,22,0
"78",3,23,0
"79",3,24,0
"80",3,25,0
"81",3,26,0
"82",4,0,0
"83",4,1,0
"84",4,2,0.136972681245915
"85",4,3,0.846351089022334
"86",4,4,0.434779487435591
"87",4,5,0.766679063646583
"88",4,6,1.40689894031618
"89",4,7,1.63314101022625
"90",4,8,0.479862987328016
"91",4,9,0
"92",4,10,2.29531474077913
"93",4,11,0
"94",4,12,0
"95",4,13,0
"96",4,14,0
"97",4,15,0
"98",4,16,0
"99",4,17,0
"100",4,18,0
"101",4,19,0
"102",4,20,0
"103",4,21,0
"104",4,22,0
"105",4,23,0
"106",4,24,0
"107",4,25,0
"108",4,26,0
"109",5,0,0
"110",5,1,0
"111",5,2,0.0805954105152662
"112",5,3,0.133166293279319
"113",5,4,0.934939321700305
"114",5,5,1.59036947696435
"115",5,6,0.91895570908279
"116",5,7,0.14273494861729
"117",5,8,0
"118",5,9,2.22216233533293
"119",5,10,1.97707650450776
"120",5,11,0
"121",5,12,0
"122",5,13,0
"123",5,14,0
"124",5,15,0
"125",5,16,0
"126",5,17,0
"127",5,18,0
"128",5,19,0
"129",5,20,0
"130",5,21,0
"131",5,22,0
"132",5,23,0
"133",5,24,0
"134",5,25,0
"135",5,26,0
"136",6,0,0
"137",6,1,0
"138",6,2,0
"139",6,3,1.17974707406063
"140",6,4,0.697368970483141
"141",6,5,6.12288395545623
"142",6,6,0
"143",6,7,0
"144",6,8,0
"145",6,9,0
"146",6,10,0
"147",6,11,0
"148",6,12,0
"149",6,13,0
"150",6,14,0
"151",6,15,0
"152",6,16,0
"153",6,17,0
"154",6,18,0
"155",6,19,0
"156",6,20,0
"157",6,21,0
"158",6,22,0
"159",6,23,0
"160",6,24,0
"161",6,25,0
"162",6,26,0
"163",7,0,0
"164",7,1,0
"165",7,2,0
"166",7,3,1.94096927885985
"167",7,4,0.0839159224559299
"168",7,5,0.0438852851609556
"169",7,6,0
"170",7,7,0
"171",7,8,0.944652967092922
"172",7,9,0
"173",7,10,0
"174",7,11,0
"175",7,12,0
"176",7,13,0
"177",7,14,0
"178",7,15,0
"179",7,16,0.13592749304651
"180",7,17,1.71705693268218
"181",7,18,0.578257808096949
"182",7,19,0
"183",7,20,0
"184",7,21,0.988538252253878
"185",7,22,0
"186",7,23,1.56679606035083
"187",7,24,0
"188",7,25,0
"189",7,26,0
"190",8,0,0
"191",8,1,0
"192",8,2,0
"193",8,3,0.55780251113329
"194",8,4,0.0962449690487829
"195",8,5,0
"196",8,6,0.832203889397654
"197",8,7,0.647149966312179
"198",8,8,5.86659866410809
"199",8,9,0
"200",8,10,0
"201",8,11,0
"202",8,12,0
"203",8,13,0
"204",8,14,0
"205",8,15,0
"206",8,16,0
"207",8,17,0
"208",8,18,0
"209",8,19,0
"210",8,20,0
"211",8,21,0
"212",8,22,0
"213",8,23,0
"214",8,24,0
"215",8,25,0
"216",8,26,0
"217",9,0,0
"218",9,1,0
"219",9,2,0.0210507029853195
"220",9,3,0.098773564426519
"221",9,4,0.506242237493133
"222",9,5,0
"223",9,6,1.14240509170039
"224",9,7,2.19091503015236
"225",9,8,0
"226",9,9,0
"227",9,10,0
"228",9,11,4.04061337324228
"229",9,12,0
"230",9,13,0
"231",9,14,0
"232",9,15,0
"233",9,16,0
"234",9,17,0
"235",9,18,0
"236",9,19,0
"237",9,20,0
"238",9,21,0
"239",9,22,0
"240",9,23,0
"241",9,24,0
"242",9,25,0
"243",9,26,0
"244",10,0,0
"245",10,1,0.0316403350385303
"246",10,2,0.458784858058689
"247",10,3,0.632806700770605
"248",10,4,0.632806700770605
"249",10,5,1.91424026983108
"250",10,6,0
"251",10,7,0
"252",10,8,0
"253",10,9,0
"254",10,10,0
"255",10,11,0
"256",10,12,0
"257",10,13,0
"258",10,14,0
"259",10,15,0
"260",10,16,0
"261",10,17,0
"262",10,18,0
"263",10,19,0
"264",10,20,0
"265",10,21,0
"266",10,22,0
"267",10,23,0
"268",10,24,0
"269",10,25,0
"270",10,26,0
"271",11,0,0
"272",11,1,0
"273",11,2,0
"274",11,3,0
"275",11,4,0.128618203304229
"276",11,5,3.12358493738843
"277",11,6,0.385854609912688
"278",11,7,0
"279",11,8,0
"280",11,9,0
"281",11,10,0
"282",11,11,0
"283",11,12,0
"284",11,13,0
"285",11,14,0
"286",11,15,0
"287",11,16,0
"288",11,17,0
"289",11,18,0
"290",11,19,0
"291",11,20,0
"292",11,21,0
"293",11,22,0
"294",11,23,0
"295",11,24,0
"296",11,25,0
"297",11,26,0
"298",12,0,0
"299",12,1,0
"300",12,2,0
"301",12,3,0
"302",12,4,0
"303",12,5,0.145558056043075
"304",12,6,4.33526622252377
"305",12,7,1.48463588403675
"306",12,8,0
"307",12,9,0
"308",12,10,0
"309",12,11,0
"310",12,12,0
"311",12,13,0
"312",12,14,2.03453983739641
"313",12,15,0
"314",12,16,0
"315",12,17,0
"316",12,18,0
"317",12,19,0
"318",12,20,0
"319",12,21,0
"320",12,22,0
"321",12,23,0
"322",12,24,0
"323",12,25,0
"324",12,26,0
"325",13,0,0
"326",13,1,0
"327",13,2,0.0447671826984989
"328",13,3,0.0394896541627929
"329",13,4,0
"330",13,5,0.76085351819463
"331",13,6,3.63571392351092
"332",13,7,0
"333",13,8,0
"334",13,9,0
"335",13,10,0
"336",13,11,0
"337",13,12,0
"338",13,13,0
"339",13,14,0
"340",13,15,0
"341",13,16,0
"342",13,17,2.50190580273495
"343",13,18,0
"344",13,19,0
"345",13,20,1.0172699186982
"346",13,21,0
"347",13,22,0
"348",13,23,0
"349",13,24,0
"350",13,25,0
"351",13,26,0
"352",14,0,0
"353",14,1,0
"354",14,2,0
"355",14,3,0.0255444557357809
"356",14,4,0
"357",14,5,0.347200552453899
"358",14,6,2.73301569544301
"359",14,7,0
"360",14,8,0
"361",14,9,0
"362",14,10,0
"363",14,11,0
"364",14,12,1.51227327028792
"365",14,13,0
"366",14,14,0.154750278514851
"367",14,15,0
"368",14,16,0
"369",14,17,1.61360787378227
"370",14,18,0
"371",14,19,0.595534655615857
"372",14,20,1.01807321816641
"373",14,21,0
"374",14,22,0
"375",14,23,0
"376",14,24,0
"377",14,25,0
"378",14,26,0
"379",15,0,0
"380",15,1,0
"381",15,2,0
"382",15,3,0
"383",15,4,0
"384",15,5,0
"385",15,6,1.6249865652483
"386",15,7,0
"387",15,8,0
"388",15,9,0
"389",15,10,0
"390",15,11,0.0782911089836798
"391",15,12,4.26218248837161
"392",15,13,2.03453983739641
"393",15,14,0
"394",15,15,0
"395",15,16,0
"396",15,17,0
"397",15,18,0
"398",15,19,0
"399",15,20,0
"400",15,21,0
"401",15,22,0
"402",15,23,0
"403",15,24,0
"404",15,25,0
"405",15,26,0
"406",16,0,0
"407",16,1,0
"408",16,2,0
"409",16,3,0
"410",16,4,0
"411",16,5,0
"412",16,6,0.131329926188635
"413",16,7,0
"414",16,8,0
"415",16,9,0
"416",16,10,0
"417",16,11,0
"418",16,12,4.3010550826778
"419",16,13,0.5581521863017
"420",16,14,0.295492333924429
"421",16,15,0.295492333924429
"422",16,16,0.952141964867605
"423",16,17,0.689482112490335
"424",16,18,0.196994889282953
"425",16,19,0
"426",16,20,0.0656649630943176
"427",16,21,0
"428",16,22,0.0984974446414764
"429",16,23,0
"430",16,24,0
"431",16,25,0
"432",16,26,0
"433",17,0,0
"434",17,1,0
"435",17,2,0
"436",17,3,0
"437",17,4,0
"438",17,5,0
"439",17,6,0
"440",17,7,3.57723430624624
"441",17,8,0.0271002598958048
"442",17,9,0.108401039583219
"443",17,10,0
"444",17,11,0
"445",17,12,0.325203118749658
"446",17,13,0
"447",17,14,0
"448",17,15,0.162601559374829
"449",17,16,0.514904938020292
"450",17,17,0.731707017186731
"451",17,18,0.569105457811902
"452",17,19,0
"453",17,20,0.0271002598958048
"454",17,21,0.0271002598958048
"455",17,22,0
"456",17,23,0
"457",17,24,0
"458",17,25,0
"459",17,26,0
"460",18,0,0
"461",18,1,0
"462",18,2,0
"463",18,3,0
"464",18,4,0.0776009965783456
"465",18,5,0.260951197397067
"466",18,6,0
"467",18,7,2.01093165647653
"468",18,8,0.56416655605704
"469",18,9,1.11198731493356
"470",18,10,0
"471",18,11,0
"472",18,12,0
"473",18,13,0
"474",18,14,1.11852456523891
"475",18,15,1.83856779462034
"476",18,16,0
"477",18,17,0
"478",18,18,1.0172699186982
"479",18,19,0
"480",18,20,0
"481",18,21,0
"482",18,22,0
"483",18,23,0
"484",18,24,0
"485",18,25,0
"486",18,26,0
"487",19,0,0
"488",19,1,0
"489",19,2,0
"490",19,3,0
"491",19,4,0.420107078063175
"492",19,5,0.122371705353879
"493",19,6,0
"494",19,7,0
"495",19,8,0
"496",19,9,0
"497",19,10,0
"498",19,11,0.143528972116722
"499",19,12,0.646206176219961
"500",19,13,0.165073843283002
"501",19,14,0.399092712774038
"502",19,15,0
"503",19,16,0
"504",19,17,0.844410326296191
"505",19,18,5.25920918589303
"506",19,19,0
"507",19,20,0
"508",19,21,0
"509",19,22,0
"510",19,23,0
"511",19,24,0
"512",19,25,0
"513",19,26,0
"514",20,0,0
"515",20,1,0
"516",20,2,0
"517",20,3,0
"518",20,4,0
"519",20,5,0
"520",20,6,0
"521",20,7,0
"522",20,8,0
"523",20,9,0
"524",20,10,0
"525",20,11,0
"526",20,12,0
"527",20,13,0.680232173289147
"528",20,14,0
"529",20,15,1.01807321816641
"530",20,16,1.1222849414507
"531",20,17,0.934120701362812
"532",20,18,1.88139615781796
"533",20,19,2.36389280791297
"534",20,20,0
"535",20,21,0
"536",20,22,0
"537",20,23,0
"538",20,24,0
"539",20,25,0
"540",20,26,0
"541",21,0,0
"542",21,1,0
"543",21,2,0
"544",21,3,0
"545",21,4,0
"546",21,5,0
"547",21,6,0
"548",21,7,0
"549",21,8,0
"550",21,9,0
"551",21,10,0
"552",21,11,0
"553",21,12,0
"554",21,13,1.32678874234659
"555",21,14,0
"556",21,15,1.34401976497447
"557",21,16,0.275696362046046
"558",21,17,0.0689240905115114
"559",21,18,0.48246863358058
"560",21,19,0.0172310226278778
"561",21,20,0
"562",21,21,0
"563",21,22,0
"564",21,23,0
"565",21,24,0
"566",21,25,0
"567",21,26,0
"568",22,0,0
"569",22,1,0
"570",22,2,0
"571",22,3,0
"572",22,4,0
"573",22,5,0
"574",22,6,0
"575",22,7,0
"576",22,8,0
"577",22,9,0
"578",22,10,0
"579",22,11,0
"580",22,12,0
"581",22,13,1.02041545435878
"582",22,14,0
"583",22,15,1.88384391573928
"584",22,16,0.287809487126834
"585",22,17,0
"586",22,18,2.93042386892777
"587",22,19,0
"588",22,20,0
"589",22,21,0
"590",22,22,0
"591",22,23,0
"592",22,24,0
"593",22,25,0
"594",22,26,0
"595",23,0,0
"596",23,1,0
"597",23,2,0
"598",23,3,0
"599",23,4,0
"600",23,5,0
"601",23,6,0
"602",23,7,0
"603",23,8,0
"604",23,9,0
"605",23,10,0
"606",23,11,0
"607",23,12,0
"608",23,13,0.434737378405478
"609",23,14,0
"610",23,15,0.0841427184010603
"611",23,16,0
"612",23,17,0
"613",23,18,0.98166504801237
"614",23,19,0.911546116011486
"615",23,20,0
"616",23,21,0
"617",23,22,0
"618",23,23,0
"619",23,24,0
"620",23,25,0
"621",23,26,0
"622",24,0,0
"623",24,1,0
"624",24,2,0
"625",24,3,0
"626",24,4,0
"627",24,5,0.313700185688654
"628",24,6,0
"629",24,7,0
"630",24,8,0
"631",24,9,0
"632",24,10,0
"633",24,11,0
"634",24,12,0
"635",24,13,0
"636",24,14,0
"637",24,15,0
"638",24,16,0
"639",24,17,0
"640",24,18,0.119944188645662
"641",24,19,0.092264760496663
"642",24,20,0
"643",24,21,0
"644",24,22,0
"645",24,23,0
"646",24,24,0
"647",24,25,0
"648",24,26,0
"649",25,0,0
"650",25,1,0
"651",25,2,0
"652",25,3,0
"653",25,4,0
"654",25,5,5.96550573317438
"655",25,6,0.156986992978273
"656",25,7,0
"657",25,8,0
"658",25,9,0
"659",25,10,0
"660",25,11,0
"661",25,12,0
"662",25,13,0
"663",25,14,0
"664",25,15,0
"665",25,16,0
"666",25,17,0
"667",25,18,0
"668",25,19,0
"669",25,20,0
"670",25,21,0
"671",25,22,0
"672",25,23,0
"673",25,24,0
"674",25,25,0
"675",25,26,0
"676",26,0,0
"677",26,1,0
"678",26,2,0
"679",26,3,0.851822569130218
"680",26,4,0.0224163833981636
"681",26,5,2.91412984176127
"682",26,6,0
"683",26,7,1.27773385369533
"684",26,8,0
"685",26,9,0
"686",26,10,0
"687",26,11,0
"688",26,12,0
"689",26,13,0
"690",26,14,0
"691",26,15,0
"692",26,16,0
"693",26,17,0
"694",26,18,0
"695",26,19,0
"696",26,20,0
"697",26,21,0
"698",26,22,0
"699",26,23,0
"700",26,24,0
"701",26,25,0
"702",26,26,0
"703",27,0,0
"704",27,1,0
"705",27,2,0
"706",27,3,0.756833884570451
"707",27,4,3.31114824499572
"708",27,5,3.12193977385311
"709",27,6,0.189208471142613
"710",27,7,0.220743216333048
"711",27,8,0
"712",27,9,0
"713",27,10,0
"714",27,11,0
"715",27,12,0
"716",27,13,0
"717",27,14,0
"718",27,15,0
"719",27,16,0
"720",27,17,0
"721",27,18,0
"722",27,19,0
"723",27,20,0
"724",27,21,0
"725",27,22,0
"726",27,23,0
"727",27,24,0
"728",27,25,0
"729",27,26,0
"730",28,0,0
"731",28,1,0
"732",28,2,0
"733",28,3,2.91778185005492
"734",28,4,3.19132389849757
"735",28,5,1.15495531564674
"736",28,6,0
"737",28,7,0
"738",28,8,0
"739",28,9,0
"740",28,10,0
"741",28,11,0
"742",28,12,0
"743",28,13,0
"744",28,14,0
"745",28,15,0
"746",28,16,0
"747",28,17,0
"748",28,18,0
"749",28,19,0
"750",28,20,0
"751",28,21,0
"752",28,22,0
"753",28,23,0
"754",28,24,0
"755",28,25,0
"756",28,26,0
"757",29,0,0
"758",29,1,0
"759",29,2,0
"760",29,3,1.58572062407187
"761",29,4,0.0259954200667519
"762",29,5,0.181967940467263
"763",29,6,0
"764",29,7,0.246956490634143
"765",29,8,0
"766",29,9,0
"767",29,10,0
"768",29,11,0
"769",29,12,0
"770",29,13,0
"771",29,14,0
"772",29,15,0
"773",29,16,0
"774",29,17,0
"775",29,18,0
"776",29,19,0
"777",29,20,0
"778",29,21,0
"779",29,22,0
"780",29,23,0
"781",29,24,0
"782",29,25,0
"783",29,26,0
"784",30,0,0
"785",30,1,0
"786",30,2,0
"787",30,3,0.0903383084591232
"788",30,4,0.0903383084591232
"789",30,5,0
"790",30,6,0
"791",30,7,3.57739701498128
"792",30,8,0
"793",30,9,0
"794",30,10,0
"795",30,11,0
"796",30,12,0
"797",30,13,0
"798",30,14,0
"799",30,15,0
"800",30,16,0
"801",30,17,0
"802",30,18,0
"803",30,19,0
"804",30,20,0
"805",30,21,0
"806",30,22,0
"807",30,23,0
"808",30,24,0
"809",30,25,0
"810",30,26,0
"811",31,0,0
"812",31,1,0
"813",31,2,0
"814",31,3,0
"815",31,4,0.0577420535027721
"816",31,5,0
"817",31,6,0.423441725686996
"818",31,7,1.09709901655267
"819",31,8,0.192473511675907
"820",31,9,2.32892949127848
"821",31,10,0
"822",31,11,0
"823",31,12,0
"824",31,13,0
"825",31,14,0
"826",31,15,0
"827",31,16,0
"828",31,17,0
"829",31,18,0
"830",31,19,0
"831",31,20,0
"832",31,21,0
"833",31,22,0
"834",31,23,0
"835",31,24,0
"836",31,25,0
"837",31,26,0
"838",32,0,0
"839",32,1,0
"840",32,2,0
"841",32,3,0
"842",32,4,1.11770491631729
"843",32,5,0.165298641581435
"844",32,6,0.953802265186857
"845",32,7,0.457493778031884
"846",32,8,0.865029249679839
"847",32,9,0.699494382129002
"848",32,10,0
"849",32,11,3.7411767670737
"850",32,12,0
"851",32,13,0
"852",32,14,0
"853",32,15,0
"854",32,16,0
"855",32,17,0
"856",32,18,0
"857",32,19,0
"858",32,20,0
"859",32,21,0
"860",32,22,0
"861",32,23,0
"862",32,24,0
"863",32,25,0
"864",32,26,0
"865",33,0,0
"866",33,1,0
"867",33,2,0
"868",33,3,0
"869",33,4,0
"870",33,5,2.3492704919195
"871",33,6,0.638193922333624
"872",33,7,0
"873",33,8,0.201655814824708
"874",33,9,1.44983354955939
"875",33,10,0
"876",33,11,0.153793040748
"877",33,12,3.20725318061478
"878",33,13,0
"879",33,14,0
"880",33,15,0
"881",33,16,0
"882",33,17,0
"883",33,18,0
"884",33,19,0
"885",33,20,0
"886",33,21,0
"887",33,22,0
"888",33,23,0
"889",33,24,0
"890",33,25,0
"891",33,26,0
"892",34,0,0
"893",34,1,0
"894",34,2,0
"895",34,3,0
"896",34,4,0.945181562078625
"897",34,5,4.17455189918059
"898",34,6,0.866416431905406
"899",34,7,0
"900",34,8,0
"901",34,9,0
"902",34,10,0
"903",34,11,0.105020173564292
"904",34,12,0.0262550433910729
"905",34,13,0
"906",34,14,0
"907",34,15,0
"908",34,16,0
"909",34,17,0
"910",34,18,0
"911",34,19,0
"912",34,20,0
"913",34,21,0
"914",34,22,0
"915",34,23,0
"916",34,24,0
"917",34,25,0
"918",34,26,0
"919",35,0,0
"920",35,1,0
"921",35,2,0.953579981823894
"922",35,3,2.92431194425994
"923",35,4,2.9878839430482
"924",35,5,0.731077986064986
"925",35,6,0
"926",35,7,0
"927",35,8,0
"928",35,9,0
"929",35,10,0
"930",35,11,0
"931",35,12,0
"932",35,13,0
"933",35,14,0
"934",35,15,0
"935",35,16,0
"936",35,17,0
"937",35,18,0
"938",35,19,0
"939",35,20,0
"940",35,21,0
"941",35,22,0
"942",35,23,0
"943",35,24,0
"944",35,25,0
"945",35,26,0
"946",36,0,0
"947",36,1,0
"948",36,2,0
"949",36,3,0.8383292179031
"950",36,4,0.233458769542636
"951",36,5,0
"952",36,6,0
"953",36,7,0
"954",36,8,0
"955",36,9,0
"956",36,10,0
"957",36,11,0
"958",36,12,0
"959",36,13,0
"960",36,14,0
"961",36,15,0
"962",36,16,0
"963",36,17,0
"964",36,18,0
"965",36,19,0
"966",36,20,0
"967",36,21,0
"968",36,22,0
"969",36,23,0
"970",36,24,0
"971",36,25,0
"972",36,26,0
"973",37,0,0
"974",37,1,0
"975",37,2,0
"976",37,3,1.60680577461187
"977",37,4,0
"978",37,5,0
"979",37,6,0
"980",37,7,0
"981",37,8,0
"982",37,9,0
"983",37,10,0
"984",37,11,0
"985",37,12,0
"986",37,13,0
"987",37,14,0
"988",37,15,0
"989",37,16,0
"990",37,17,0
"991",37,18,0
"992",37,19,0
"993",37,20,0
"994",37,21,0
"995",37,22,0
"996",37,23,0
"997",37,24,0
"998",37,25,0
"999",37,26,0
"1000",38,0,0
"1001",38,1,0
"1002",38,2,0
"1003",38,3,0
"1004",38,4,0
"1005",38,5,0
"1006",38,6,0
"1007",38,7,0
"1008",38,8,0
"1009",38,9,0
"1010",38,10,0.143582400039796
"1011",38,11,0.758935543067494
"1012",38,12,0
"1013",38,13,0
"1014",38,14,0
"1015",38,15,0
"1016",38,16,0
"1017",38,17,0
"1018",38,18,0
"1019",38,19,0.0205117714342566
"1020",38,20,0
"1021",38,21,0
"1022",38,22,0
"1023",38,23,0
"1024",38,24,0
"1025",38,25,0
"1026",38,26,0
"1027",39,0,0
"1028",39,1,0
"1029",39,2,0
"1030",39,3,0
"1031",39,4,0
"1032",39,5,0
"1033",39,6,0
"1034",39,7,0
"1035",39,8,0
"1036",39,9,0
"1037",39,10,0.0244119044821185
"1038",39,11,1.18742743018491
"1039",39,12,0
"1040",39,13,0
"1041",39,14,0
"1042",39,15,0
"1043",39,16,0
"1044",39,17,1.92788299149099
"1045",39,18,1.50177945279135
"1046",39,19,3.35849822105064
"1047",39,20,0
"1048",39,21,0
"1049",39,22,0
"1050",39,23,0
"1051",39,24,0
"1052",39,25,0
"1053",39,26,0
"1054",40,0,0
"1055",40,1,0
"1056",40,2,0
"1057",40,3,0
"1058",40,4,0
"1059",40,5,0
"1060",40,6,0
"1061",40,7,0
"1062",40,8,0
"1063",40,9,0
"1064",40,10,0
"1065",40,11,0.872653001400166
"1066",40,12,4.51194467884917
"1067",40,13,0
"1068",40,14,0
"1069",40,15,0
"1070",40,16,1.60362659030739
"1071",40,17,0
"1072",40,18,1.01177572944328
"1073",40,19,0
"1074",40,20,0
"1075",40,21,0
"1076",40,22,0
"1077",40,23,0
"1078",40,24,0
"1079",40,25,0
"1080",40,26,0
"1081",41,0,0
"1082",41,1,0
"1083",41,2,0
"1084",41,3,0
"1085",41,4,0
"1086",41,5,0
"1087",41,6,0.425072811291918
"1088",41,7,1.27521843387576
"1089",41,8,0
"1090",41,9,0
"1091",41,10,0.163489542804584
"1092",41,11,1.20982261675392
"1093",41,12,4.51231138140652
"1094",41,13,0
"1095",41,14,0
"1096",41,15,0
"1097",41,16,0
"1098",41,17,0
"1099",41,18,0
"1100",41,19,0
"1101",41,20,0
"1102",41,21,0
"1103",41,22,0
"1104",41,23,0
"1105",41,24,0
"1106",41,25,0
"1107",41,26,0
"1108",42,0,0
"1109",42,1,0
"1110",42,2,0
"1111",42,3,0
"1112",42,4,0
"1113",42,5,0.395161260471369
"1114",42,6,0.34198791573226
"1115",42,7,0.777714979772242
"1116",42,8,0
"1117",42,9,0
"1118",42,10,0
"1119",42,11,0.148745961157533
"1120",42,12,6.3363898828666
"1121",42,13,0
"1122",42,14,0
"1123",42,15,0
"1124",42,16,0
"1125",42,17,0
"1126",42,18,0
"1127",42,19,0
"1128",42,20,0
"1129",42,21,0
"1130",42,22,0
"1131",42,23,0
"1132",42,24,0
"1133",42,25,0
"1134",42,26,0
"1135",43,0,0
"1136",43,1,0
"1137",43,2,0.879110569112574
"1138",43,3,0
"1139",43,4,0
"1140",43,5,0
"1141",43,6,0
"1142",43,7,0
"1143",43,8,0
"1144",43,9,0
"1145",43,10,0.0465947156088212
"1146",43,11,0
"1147",43,12,0.286637130131427
"1148",43,13,0
"1149",43,14,0.451267702280581
"1150",43,15,0.0804371305935563
"1151",43,16,0.45706690365564
"1152",43,17,0.117471499576273
"1153",43,18,0.89979841912193
"1154",43,19,1.13474141827448
"1155",43,20,0.595064755550108
"1156",43,21,1.4394750818463
"1157",43,22,1.61233467424831
"1158",43,23,0
"1159",43,24,0
"1160",43,25,0
"1161",43,26,0
"1162",44,0,0
"1163",44,1,0
"1164",44,2,0
"1165",44,3,0
"1166",44,4,0
"1167",44,5,0
"1168",44,6,0.164195928872348
"1169",44,7,0.164195928872348
"1170",44,8,0
"1171",44,9,0
"1172",44,10,0
"1173",44,11,0
"1174",44,12,0
"1175",44,13,0
"1176",44,14,0
"1177",44,15,0.164195928872348
"1178",44,16,0.0469131225349567
"1179",44,17,0
"1180",44,18,3.42465794505184
"1181",44,19,0.14073936760487
"1182",44,20,0.469131225349567
"1183",44,21,0.492587786617045
"1184",44,22,0.0469131225349567
"1185",44,23,0
"1186",44,24,0
"1187",44,25,0
"1188",44,26,0
"1189",45,0,0
"1190",45,1,0
"1191",45,2,0
"1192",45,3,0
"1193",45,4,0
"1194",45,5,0.462649484791992
"1195",45,6,0.838666247468677
"1196",45,7,4.66414443034292
"1197",45,8,0
"1198",45,9,0
"1199",45,10,0
"1200",45,11,0
"1201",45,12,0
"1202",45,13,0
"1203",45,14,0
"1204",45,15,0
"1205",45,16,0
"1206",45,17,0
"1207",45,18,0
"1208",45,19,0
"1209",45,20,0
"1210",45,21,0
"1211",45,22,2.03453983739641
"1212",45,23,0
"1213",45,24,0
"1214",45,25,0
"1215",45,26,0
"1216",46,0,0
"1217",46,1,0
"1218",46,2,0
"1219",46,3,0
"1220",46,4,0.0976597635015153
"1221",46,5,1.20365596875915
"1222",46,6,1.32200358227003
"1223",46,7,0
"1224",46,8,0.0381218905344824
"1225",46,9,1.0172699186982
"1226",46,10,0
"1227",46,11,0
"1228",46,12,0
"1229",46,13,0
"1230",46,14,0.346926597679164
"1231",46,15,0
"1232",46,16,0
"1233",46,17,0
"1234",46,18,0.210016267336462
"1235",46,19,0.117471499576273
"1236",46,20,2.03453983739641
"1237",46,21,0.595064755550108
"1238",46,22,1.0172699186982
"1239",46,23,0
"1240",46,24,0
"1241",46,25,0
"1242",46,26,0
"1243",47,0,0
"1244",47,1,0
"1245",47,2,0
"1246",47,3,0
"1247",47,4,0.268837280914866
"1248",47,5,0.832689474644629
"1249",47,6,0
"1250",47,7,0
"1251",47,8,0.184580444053575
"1252",47,9,1.16017724155736
"1253",47,10,0
"1254",47,11,0
"1255",47,12,0
"1256",47,13,0
"1257",47,14,0
"1258",47,15,0
"1259",47,16,0
"1260",47,17,0
"1261",47,18,1.0172699186982
"1262",47,19,0.889571128486643
"1263",47,20,3.64687451164472
"1264",47,21,0
"1265",47,22,0
"1266",47,23,0
"1267",47,24,0
"1268",47,25,0
"1269",47,26,0
"1270",48,0,0
"1271",48,1,0
"1272",48,2,0
"1273",48,3,0
"1274",48,4,0
"1275",48,5,0
"1276",48,6,0
"1277",48,7,0
"1278",48,8,0
"1279",48,9,0
"1280",48,10,0
"1281",48,11,0
"1282",48,12,0
"1283",48,13,0
"1284",48,14,0
"1285",48,15,0
"1286",48,16,0
"1287",48,17,0.0908592074846593
"1288",48,18,2.49862820582813
"1289",48,19,0.65872925426378
"1290",48,20,1.36288811226989
"1291",48,21,0.0454296037423297
"1292",48,22,0.227148018711648
"1293",48,23,0.0227148018711648
"1294",48,24,0
"1295",48,25,0
"1296",48,26,0
"1297",49,0,0
"1298",49,1,0
"1299",49,2,0
"1300",49,3,0
"1301",49,4,0
"1302",49,5,0
"1303",49,6,0
"1304",49,7,0
"1305",49,8,0
"1306",49,9,0
"1307",49,10,0
"1308",49,11,0
"1309",49,12,0
"1310",49,13,0
"1311",49,14,0
"1312",49,15,0
"1313",49,16,0
"1314",49,17,0
"1315",49,18,0.0909429999836676
"1316",49,19,0.255563740657316
"1317",49,20,4.60168350326441
"1318",49,21,0
"1319",49,22,3.05180975609461
"1320",49,23,0
"1321",49,24,0
"1322",49,25,0
"1323",49,26,0
"1324",50,0,0
"1325",50,1,0
"1326",50,2,0
"1327",50,3,0
"1328",50,4,0
"1329",50,5,0
"1330",50,6,0
"1331",50,7,0
"1332",50,8,0
"1333",50,9,0
"1334",50,10,0
"1335",50,11,0
"1336",50,12,0
"1337",50,13,0
"1338",50,14,0
"1339",50,15,0
"1340",50,16,0
"1341",50,17,0
"1342",50,18,0.0320005944083063
"1343",50,19,0.149726386843298
"1344",50,20,6.20466514496613
"1345",50,21,0.595534655615857
"1346",50,22,0
"1347",50,23,0
"1348",50,24,0
"1349",50,25,0
"1350",50,26,1.01807321816641
"1351",51,0,0
"1352",51,1,0
"1353",51,2,0.686519380068414
"1354",51,3,0
"1355",51,4,0
"1356",51,5,0
"1357",51,6,0
"1358",51,7,0
"1359",51,8,0
"1360",51,9,0
"1361",51,10,0
"1362",51,11,0
"1363",51,12,0
"1364",51,13,0
"1365",51,14,0.761680827418801
"1366",51,15,0
"1367",51,16,0
"1368",51,17,0
"1369",51,18,0
"1370",51,19,0.420844358898409
"1371",51,20,3.57057755234639
"1372",51,21,0
"1373",51,22,0.990489370949749
"1374",51,23,1.56988851031824
"1375",51,24,0
"1376",51,25,0
"1377",51,26,0
"1378",52,0,0
"1379",52,1,0
"1380",52,2,0
"1381",52,3,0
"1382",52,4,0
"1383",52,5,0
"1384",52,6,0
"1385",52,7,0
"1386",52,8,0
"1387",52,9,0
"1388",52,10,0.021422450738373
"1389",52,11,0.147662700787343
"1390",52,12,0.0302320318447795
"1391",52,13,0.0371429153581958
"1392",52,14,2.6393879008353
"1393",52,15,0
"1394",52,16,0.0402821522760319
"1395",52,17,0
"1396",52,18,0.0841373161624948
"1397",52,19,0.646303400587894
"1398",52,20,2.05205870747378
"1399",52,21,0
"1400",52,22,0.730440716750389
"1401",52,23,0.579783414152843
"1402",52,24,0.991146293032581
"1403",52,25,0
"1404",52,26,0
"1405",53,0,0
"1406",53,1,0
"1407",53,2,0
"1408",53,3,0.629131477927761
"1409",53,4,0
"1410",53,5,0.228775082882822
"1411",53,6,0.915100331531288
"1412",53,7,1.63002246554011
"1413",53,8,0.114387541441411
"1414",53,9,0.915100331531288
"1415",53,10,0.486147051125997
"1416",53,11,0
"1417",53,12,0
"1418",53,13,0
"1419",53,14,0
"1420",53,15,0
"1421",53,16,0
"1422",53,17,0
"1423",53,18,0.400356395044939
"1424",53,19,1.11527852905376
"1425",53,20,0.82930967545023
"1426",53,21,0.0285968853603528
"1427",53,22,0.285968853603528
"1428",53,23,0.0571937707207055
"1429",53,24,0
"1430",53,25,0
"1431",53,26,0
"1432",54,0,0
"1433",54,1,0
"1434",54,2,0
"1435",54,3,0.804713630842273
"1436",54,4,1.65972186361219
"1437",54,5,0.352062213493494
"1438",54,6,0.25147300963821
"1439",54,7,0
"1440",54,8,0
"1441",54,9,0
"1442",54,10,0
"1443",54,11,0
"1444",54,12,0
"1445",54,13,0
"1446",54,14,0.704124426986989
"1447",54,15,1.33280695108251
"1448",54,16,0.930450135661378
"1449",54,17,0.125736504819105
"1450",54,18,0
"1451",54,19,0.352062213493494
"1452",54,20,0.0502946019276421
"1453",54,21,0
"1454",54,22,0
"1455",54,23,0.0502946019276421
"1456",54,24,0
"1457",54,25,0
"1458",54,26,0
"1459",55,0,0
"1460",55,1,0
"1461",55,2,0
"1462",55,3,1.5372106118117
"1463",55,4,1.78426231728144
"1464",55,5,0
"1465",55,6,0
"1466",55,7,0
"1467",55,8,0
"1468",55,9,0
"1469",55,10,0
"1470",55,11,0
"1471",55,12,0
"1472",55,13,0.0549003789932751
"1473",55,14,1.01565701137559
"1474",55,15,0.247051705469738
"1475",55,16,0
"1476",55,17,0
"1477",55,18,0.466653221442838
"1478",55,19,1.26270871684533
"1479",55,20,0.10980075798655
"1480",55,21,0.576453979429388
"1481",55,22,0.0274501894966376
"1482",55,23,0.192151326476463
"1483",55,24,0.0274501894966376
"1484",55,25,0.0274501894966376
"1485",55,26,0
"1486",56,0,0
"1487",56,1,0
"1488",56,2,0
"1489",56,3,0.294048626758613
"1490",56,4,3.49563376522067
"1491",56,5,4.21031760802072
"1492",56,6,0
"1493",56,7,0
"1494",56,8,0
"1495",56,9,0
"1496",56,10,0
"1497",56,11,0
"1498",56,12,0
"1499",56,13,0
"1500",56,14,0
"1501",56,15,0
"1502",56,16,0
"1503",56,17,0
"1504",56,18,0
"1505",56,19,0
"1506",56,20,0
"1507",56,21,0
"1508",56,22,0
"1509",56,23,0
"1510",56,24,0
"1511",56,25,0
"1512",56,26,0
"1513",57,0,0
"1514",57,1,0
"1515",57,2,0
"1516",57,3,0
"1517",57,4,3.45563141371683
"1518",57,5,0.991146293032581
"1519",57,6,0.260705576282192
"1520",57,7,0.991146293032581
"1521",57,8,0
"1522",57,9,0
"1523",57,10,0
"1524",57,11,0
"1525",57,12,1.31022413090323
"1526",57,13,0.991146293032581
"1527",57,14,0
"1528",57,15,0
"1529",57,16,0
"1530",57,17,0
"1531",57,18,0
"1532",57,19,0
"1533",57,20,0
"1534",57,21,0
"1535",57,22,0
"1536",57,23,0
"1537",57,24,0
"1538",57,25,0
"1539",57,26,0
"1540",58,0,0
"1541",58,1,0
"1542",58,2,0
"1543",58,3,2.82400745096252
"1544",58,4,2.21125111726311
"1545",58,5,1.46528688493338
"1546",58,6,0.53283159452123
"1547",58,7,0.0266415797260615
"1548",58,8,0
"1549",58,9,0
"1550",58,10,0
"1551",58,11,0
"1552",58,12,0
"1553",58,13,0
"1554",58,14,0
"1555",58,15,0
"1556",58,16,0
"1557",58,17,0
"1558",58,18,0
"1559",58,19,0
"1560",58,20,0
"1561",58,21,0
"1562",58,22,0
"1563",58,23,0
"1564",58,24,0
"1565",58,25,0
"1566",58,26,0
"1567",59,0,0
"1568",59,1,0
"1569",59,2,0
"1570",59,3,4.34672657477362
"1571",59,4,1.05808475833305
"1572",59,5,1.91599131914363
"1573",59,6,0.31456573896388
"1574",59,7,0
"1575",59,8,0
"1576",59,9,0
"1577",59,10,0
"1578",59,11,0
"1579",59,12,0
"1580",59,13,0
"1581",59,14,0
"1582",59,15,0
"1583",59,16,0
"1584",59,17,0
"1585",59,18,0
"1586",59,19,0
"1587",59,20,0
"1588",59,21,0
"1589",59,22,0
"1590",59,23,0
"1591",59,24,0
"1592",59,25,0
"1593",59,26,0
"1594",60,0,0
"1595",60,1,0.598510441205706
"1596",60,2,0
"1597",60,3,3.11782654879332
"1598",60,4,0
"1599",60,5,0.510017292744229
"1600",60,6,0.991146293032581
"1601",60,7,2.78249942422417
"1602",60,8,0
"1603",60,9,0
"1604",60,10,0
"1605",60,11,0
"1606",60,12,0
"1607",60,13,0
"1608",60,14,0
"1609",60,15,0
"1610",60,16,0
"1611",60,17,0
"1612",60,18,0
"1613",60,19,0
"1614",60,20,0
"1615",60,21,0
"1616",60,22,0
"1617",60,23,0
"1618",60,24,0
"1619",60,25,0
"1620",60,26,0
