stemid,plotid,no,species,azimuth,distance ,D62,D67,D89,D94,D99,D04,D09
1318,7088,,Acsa,2,1,,,,,,,1
1319,7088,,Acsa,6,4.4,,,,,,,1
1,7088,,Acsa,10,3.2,,,,1.5,2.2,2.1,2.3
1320,7088,,Acsa,10,7.3,,,,,,,1.7
1321,7088,,Acsa,12,2.8,,,,,1.2,,
2,7088,,Tiam,16,19.6,,,56,57,57.3,57.43,60.8
3,7088,902,Acsa,27,18.5,,,36.7,38.9,39.6,39.89,42.1
1322,7088,,Acsa,28,3.8,,,,,,,1.2
4,7088,,Acsa,30,14.4,,,,,5,7,8.5
5,7088,2,Frni,31,14.2,32,32.2,32.6,,,,
1323,7088,,Acsa,32,2.8,,,,,,,1.7
6,7088,901,Tiam,32,18,,,58.9,,,,
1324,7088,,Acsa,33,6.8,,,,,,,2.4
1325,7088,,Acsa,34,5.5,,,,,,,1.4
1326,7088,,Acsa,35,7.4,,,,,,1.3,1.5
7,7088,1,Belu,35,7.7,33,35.3,45,50,51.4,,
1327,7088,,Acsa,37,6.2,,,,,,,1.2
1328,7088,,Acsa,38,7.1,,,,1.3,2,2.5,3.5
8,7088,,Ulam,38,13.4,,,,,7,10,13.8
1329,7088,,Acsa,39,2.4,,,,,,,1.3
1330,7088,,Acsa,39,4.9,,,,,,,1.2
9,7088,,Acsa,40,2.6,,,,1.2,,,
1331,7088,,Acsa,40,7.2,,,,,,,2.7
10,7088,903,Belu,41,18.9,,,44.6,45.9,47.2,47.46,48
1332,7088,,Acsa,42,2.4,,,,,1.1,,
11,7088,,Acsa,43,1.7,,,,2.3,,,
1333,7088,,Acsa,45,7.5,,,,,,1,1.4
1334,7088,,Acsa,49,4.3,,,,,,,1.1
1335,7088,,Acsa,50,5.4,,,,,,1.3,2.1
1336,7088,,Acsa,50,7.5,,,,,,1.2,1.9
1337,7088,,Acsa,54,1,,,,,,,1.1
12,7088,3,Tiam,54,14.1,38.3,39.6,46.3,47.5,49.8,50.9,52.8
1338,7088,,Acsa,55,7.8,,,,,,,1
1339,7088,,Acsa,57,7.7,,,,,,,1.3
1340,7088,,Acsa,60,6.9,,,,,,,1
1341,7088,,Acsa,62,5.4,,,,,2.1,3,4
1342,7088,,Acsa,67,4.4,,,,,,,1
13,7088,904,Tiam,69,19.5,,,111.5,112.9,117.4,118,121
1343,7088,,Acsa,77,5.6,,,,,2,3,3.7
1344,7088,,Acsa,78,6.2,,,,,1.6,1.4,2
1345,7088,,Acsa,79,6.5,,,,,,,3.1
14,7088,905,Tsca,84,17.4,,,37.5,37.4,40.5,40.8,43.5
1346,7088,,Acsa,85,6.8,,,,,,,3.2
15,7088,,Acsa,90,3.7,,,,2.2,,,
1347,7088,,Acsa,93,6.4,,,,,1.3,,
1348,7088,,Acsa,93,6.6,,,,,1.5,2.2,3.2
1349,7088,,Acsa,93,7.8,,,,,,,1.2
1350,7088,,Acsa,99,5.8,,,,,1.2,,
1351,7088,,Acsa,102,6.3,,,,,,,1.8
16,7088,4,Acsa,103,10.1,65,66.5,,,,,
17,7088,906,Acsa,106,16.3,,,64.8,66.2,67.2,68.2,68.9
18,7088,,Acsa,110,5.6,,,,1.4,,,
19,7088,,Acsa,112,7,,,,1.1,1.2,,
1352,7088,,Acsa,113,7.4,,,,1.5,1.9,2.5,3.2
20,7088,5,Acsa,114,5.7,40.8,41.6,,,,,
1353,7088,,Acsa,115,6.9,,,,1.7,,,
21,7088,,Acsa,118,7.3,,,,1.6,2.3,3,3.2
22,7088,,Acsa,122,7.8,,,,1.4,1.4,1.5,
1354,7088,,Acsa,125,4.2,,,,1.6,2,2.6,3.3
1355,7088,,Acsa,125,8,,,,1.7,,,
1356,7088,,Acsa,128,2.2,,,,1.5,2.5,3.4,4
23,7088,6,Acsa,134,9.9,34.2,35.8,41.4,43.5,45.1,46,47.5
25,7088,8,Acsa,145,0.9,18,18.7,24.9,26.1,28.2,30,31.5
1358,7088,,Acsa,146,6.8,,,,1.8,2.2,3,3.5
24,7088,7,Acsa,166,6.7,54.6,56.1,64.5,66.4,67.8,67.7,68.5
26,7088,22,Acsa,179,3.8,,,10.9,12,13.3,13.2,15.2
27,7088,10,Acsa,180,11.2,47.2,48,,,,,
28,7088,23,Acsa,182,3.8,,,6.4,6.6,7.8,8.5,9.2
29,7088,11,Acsa,183,15.4,23.8,24.8,31.1,33,33.9,36.5,37.1
1359,7088,,Acsa,205,6.7,,,,,,,1.3
30,7088,9,Acsa,207,9.1,40.8,41.4,45.9,47.2,48.2,50.2,52.6
31,7088,12,Acsa,215,15.2,67,68.3,76.4,77.1,77.6,78.6,81.2
1360,7088,,Acsa,241,7.5,,,,,1.2,1.2,
32,7088,908,Tiam,242,16.6,,,72.7,73,72.3,73,73.8
1361,7088,,Acsa,253,6.3,,,,,,,1.4
33,7088,13,Acsa,255,10.5,29.7,30.4,33.3,33,,,
1362,7088,,Acsa,259,7,,,,,,,2
1363,7088,,Acsa,262,5.8,,,,1,,,
1364,7088,,Acsa,275,8,,,,,,1.1,1.2
34,7088,16,Acsa,280,7.3,60.9,62.7,70.2,,,,
35,7088,14,Acsa,287,13.3,38.1,38.1,39.8,40.5,40.8,41.8,42.5
1365,7088,,Acsa,291,7,,,,1,,,
1366,7088,,Acsa,293,6.6,,,,,,,1
36,7088,15,Acsa,293,12.1,47.2,48.2,53.6,53.7,53.6,53.6,
1367,7088,,Acsa,302,7.8,,,,,,1.3,
37,7088,17,Tiam,325,3.5,68.5,69.3,,,,,
38,7088,18,Tiam,325,3.5,18.5,19.5,,,,,
39,7088,19,Acsa,325,6.8,35.5,37.5,44.3,45.8,47.2,49.7,51.6
1368,7088,,Tiam,327,5.8,,,,,,,2.4
1369,7088,,Tiam,328,5.6,,,,,,,1.5
1371,7088,,Tiam,328,5.9,,,,,,,1
1370,7088,,Acsa,328,5.9,,,,,,,1.2
1372,7088,,Tiam,328,5.9,,,,,,,3.3
1373,7088,,Tiam,329,5.5,,,,,,,1.8
1374,7088,,Tiam,329,5.7,,,,,,,1.8
1375,7088,,Tiam,330,5.5,,,,,,,2.5
1376,7088,,Tiam,331,5.4,,,,,,,2.8
1377,7088,,Tiam,332,5.4,,,,,,,2.3
1378,7088,,Acsa,332,7.6,,,,,,,1
1379,7088,,Tiam,333,5.4,,,,,,,2
1380,7088,,Acsa,336,6.6,,,,,,,1.4
40,7088,20,Tiam,338,5.8,31.2,32.2,38.7,39.8,41.7,42.7,44.8
41,7088,21,Acsa,342,14.8,23.6,23.8,,,,,
42,7088,24,Acsa,354,12.3,,,13.6,14.2,15.9,,
43,7088,909,Acsa,354,16.8,,,46.8,47.3,47.2,47.7,48.8
1382,7088,,Acsa,355,2.3,,,,1.3,2.2,3.1,4.3
1383,7088,,Acsa,355,4,,,,,,,1.1
44,7089,4,Acsa,-1,-0.1,31.7,,,,,,
45,7089,20,Acsa,-1,-0.1,32.7,,,,,,
46,7089,5,Acsa,-1,-0.1,60.9,,,,,,
47,7089,3,Acsa,-1,-0.1,38.1,,,,,,
48,7089,1,Acsa,-1,-0.1,61.7,,,,,,
49,7089,2,Belu,2,15.5,35,37,42.2,44.2,46,47.9,48.2
50,7089,31,Acsa,6,12,,,13.9,14.9,16.5,17.2,18.3
51,7089,901,Acsa,7,22.7,,,79.4,,,,
53,7089,26,Acsa,41,12,,,12.5,15.1,17.3,18.7,20.9
54,7089,904,Acsa,62,19.1,,,58.9,61.3,65.7,66.38,68.4
55,7089,903,Acsa,71,16.9,,,28,30.4,32,32.9,34.9
56,7089,28,Acsa,73,13.8,,,15,16.3,17.5,17.2,17.2
57,7089,27,Acsa,78,6.5,,,9.2,10.1,10.6,10.9,11.7
58,7089,9,Acsa,83,2.8,32.5,33.7,45.4,47.1,49,49.7,51.4
59,7089,29,Acsa,84,10.1,,,16,18.5,19.6,21,23.5
60,7089,30,Acsa,88,15.9,,,14.9,15.6,16.4,16.5,16.6
61,7089,8,Acsa,91,4.2,101.8,102.6,,,,,
62,7089,905,Acsa,94,19.2,,,71.5,72.2,73,73.15,75
63,7089,6,Acsa,111,9.8,21.3,23.6,32.6,34.8,36,37.1,38.1
64,7089,911,Acsa,124,17.1,,,61.6,62.8,63.3,64.7,65.6
65,7089,7,Acsa,129,6.7,18.7,20.5,29,30.9,33.7,34.6,36.8
66,7089,10,Acsa,141,4.6,12.7,13.4,18.3,19.1,20.4,21.7,22.9
67,7089,12,Acsa,147,15.3,18,22.6,25.5,26.7,,,
68,7089,25,Acsa,154,11.9,,,13.8,14,14.5,14.9,15.3
69,7089,11,Acsa,163,7.4,25.4,27.9,42.4,44.7,,,
70,7089,13,Acsa,167,15,22.3,24.6,39.7,42.8,45.6,48.1,51.6
71,7089,906,Acsa,179,18.1,,,78.8,79.9,79.7,80.1,81.1
72,7089,14,Acsa,190,7.9,14.2,15.7,20,21.5,23.1,25.4,27.5
73,7089,907,Acsa,192,16.6,,,30.1,30.6,32.7,34.3,37.1
74,7089,912,Acsa,202,17.1,,,36,38.4,40.5,,
75,7089,15,Acsa,210,15.3,16.7,18.2,24,28.7,30.9,,
76,7089,16,Acsa,220,9.8,59.9,61.2,70,,,,
77,7089,17,Acsa,233,4.6,13.4,14.2,22.2,23.7,25.7,25.9,26.9
78,7089,913,Acsa,233,17.6,,,15.9,16.6,17.5,18.5,20.1
79,7089,18,Acsa,235,13.1,20.8,21.8,30.6,33.1,35.4,37.7,40.4
80,7089,19,Acsa,241,15.4,62.4,64.5,77,79,81.5,83.1,86
81,7089,,Acsa,242,6.5,,,,1.3,,,
1384,7089,,Acsa,254,6.9,,,,1.9,,,
1385,7089,,Acsa,257,6.4,,,,1.9,2.3,2.7,2.9
82,7089,908,Acsa,258,19.6,,,71.6,72.3,72.4,,
1386,7089,,Acsa,259,6.5,,,,1.3,,,
1387,7089,,Acsa,264,7.7,,,,1.8,2,2.4,2.7
83,7089,32,Acsa,268,13.4,,,13,,,,
84,7089,914,Acsa,280,17.8,,,75.6,76.4,76.1,76.15,79.4
85,7089,21,Acsa,300,11.6,56.1,56.1,,,,,
86,7089,909,Acsa,305,17.2,,,40.5,43.4,43.9,44.7,46.3
87,7089,22,Acsa,308,7.4,53.5,55.8,70.1,72.2,74.7,76,78.6
88,7089,24,Acsa,312,15.3,39.6,41.6,51.5,53.4,54,54.2,55.4
89,7089,915,Acsa,320,17.2,,,28.4,29.3,32,36,
90,7089,23,Acsa,322,8,23.6,24.8,32.2,34.3,37.3,39,41.2
91,7089,33,Acsa,323,6.3,,,8.6,8.7,9.1,8.9,8.9
92,7089,910,Acsa,349,19.9,,,39.1,40.7,43.7,44.16,47.6
93,7089,34,Acsa,354,9.9,,,11,11.9,12.2,12.5,13.1
94,7090,15,Acsa,-1,-0.1,53.5,,,,,,
96,7090,43,Acsa,12,7.9,,,11.9,12.3,12.7,13,14.1
95,7090,41,Acsa,12,12.3,,,7.5,7.7,7.7,8.4,9
97,7090,42,Acsa,15,14.9,,,11.8,12.9,13.3,13.7,14.2
99,7090,1,Acsa,26,6.8,14.2,15.4,23.7,26.4,28.1,29.8,31.7
98,7090,2,Acsa,26,12.2,42.4,43.4,49.9,51.3,53.7,54.5,55.4
100,7090,901,Acsa,32,17.4,,,55.1,55.8,57,57.19,59.4
101,7090,33,Acsa,44,2.4,,,12.3,13.2,14,14.6,15.8
102,7090,3,Acsa,45,10.4,46.9,47.4,51,51.8,52.8,52.7,53.3
103,7090,4,Acsa,57,13.2,34,35,41.9,44.8,45.1,47.2,48.8
104,7090,44,Acsa,76,13.6,,,6.5,6.5,6.7,6.6,
105,7090,26,Acsa,77,16.9,,,25.6,27.2,28.7,29.1,31
106,7090,5,Acsa,79,7.3,62.2,62.9,70.9,72.8,74.4,74.9,75.2
107,7090,6,Acsa,84,5.1,12.9,13.9,18.2,19.7,20.7,21,21.6
108,7090,7,Acsa,96,13.6,19.8,20.5,23.1,23.8,24.2,24.5,25.3
109,7090,27,Acsa,102,15.9,,,11.1,11.1,,,
110,7090,8,Acsa,117,15.1,26.4,28.1,37.9,40.6,42.6,44.5,46.8
111,7090,9,Acsa,119,13.2,14.7,15.2,17.5,18.3,18.8,19.8,19.8
112,7090,28,Acsa,126,14.9,,,12.9,13.3,14,14.8,15
113,7090,16,Acsa,133,7,18.2,19.5,25.8,27.5,28.8,31.1,31.7
114,7090,10,Acsa,134,14.2,44.9,46.4,53.3,55.3,55.5,55.4,56
115,7090,12,Tiam,151,9.9,46.9,49.2,61.8,,,,
116,7090,29,Tiam,153,10.2,,,5.8,,,,
117,7090,31,Tiam,155,8.2,,,5.9,,,,
118,7090,13,Tiam,156,9.2,71.6,,,,,,
119,7090,30,Tiam,157,9.8,,,8.2,,,,
120,7090,14,Tiam,161,8.6,51.3,53,61,65.3,66.1,69.1,70.5
122,7090,32,Tiam,163,8.6,,,5.4,6.6,7.9,10.5,14
121,7090,,Tiam,163,8.6,,,,,6.7,8.4,9
123,7090,11,Acsa,172,14.9,47.4,47.7,50.1,50.8,51.9,53.1,53.8
124,7090,25,Acsa,183,8.8,,,16.6,,,,
125,7090,904,Acsa,184,18.7,,,69.9,70.1,68.8,68.8,
1456,7090,,acsa,190,6.3,,,,,,,1.8
1388,7090,,Osvi,193,2.3,,,,1.4,,,
1457,7090,,osvi,200,2.7,,,,,,,3.8
1458,7090,,acsa,200,7.6,,,,,,,1.1
126,7090,34,Acsa,205,6,,,8.1,,,,
127,7090,35,Osvi,211,10.1,,,7.2,6.7,,,
128,7090,,Acpe,215,2.8,,,,3.1,4.4,5.3,6.4
129,7090,19,Acsa,220,10,72.6,74.1,83.4,84.7,86,87,87.9
1459,7090,,acsa,230,5.9,,,,,,,1.2
1389,7090,,Acsa,239,2,,,,1.6,,,
131,7090,17,Acsa,241,4.6,64.2,,,,,,
1460,7090,,acpe,241,7,,,,,,,1
130,7090,18,Acsa,241,7.4,19.8,20.8,27.3,29.5,31.7,33.1,35.3
1461,7090,,acsa,243,7.1,,,,,,,1
132,7090,,Acsa,250,2.4,,,,1.3,,,
1391,7090,,Acsa,255,3.1,,,,2.6,3.1,3.6,4.5
1392,7090,,Acsa,257,3.2,,,,1.3,,,
133,7090,20,Acsa,257,11.1,17.5,17.7,19.8,,,,
1393,7090,,Acpe,258,5.3,,,,2.7,3.1,4.2,5.1
1463,7090,,acsa,259,3.4,,,,,,,2.1
134,7090,21,Acsa,264,15.9,13.7,14.7,20.2,22.3,24.9,27.1,30
135,7090,36,Acsa,265,7.6,,,11.8,13.1,14.2,15.2,16.5
1394,7090,,Acsa,273,3.3,,,,2.8,3.3,4.4,5.2
136,7090,22,Belu,277,10,21.8,22.3,25.5,26.9,27.3,29.1,29.5
137,7090,,Acsa,279,4.5,,,,1.1,,,
138,7090,,Acsa,279,5.3,,,,1.3,1.4,,
1466,7090,,acsa,283,3.9,,,,,,,3
139,7090,,Acsa,283,5.5,,,,,1.4,,
140,7090,,Acsa,284,4.6,,,,1.2,,,
1395,7090,,Acsa,285,3.5,,,,2.2,,,
1396,7090,,Acsa,286,6.6,,,,1.6,,,
141,7090,908,Acsa,286,18.1,,,67.2,70.2,71.3,71.71,73.8
1397,7090,,Acsa,288,5,,,,1.8,,,
142,7090,,Acsa,289,3.9,,,,1.4,2.6,,
1398,7090,,Acsa,289,4.5,,,,1.6,,,
143,7090,,Acsa,290,4,,,,1.4,,,
1399,7090,,Acsa,291,4.9,,,,1.7,,,
1467,7090,,acsa,293,7.4,,,,,,,3.1
1468,7090,,acsa,294,2.8,,,,,,,5.6
1469,7090,,acsa,295,2.3,,,,,,,5.1
144,7090,,Acsa,295,5.6,,,,1.1,,,
1470,7090,,acsa,296,2.3,,,,,,,5.2
145,7090,,Acsa,299,6.5,,,,1.2,,,
146,7090,37,Acsa,301,14.3,,,10.9,11.4,12.1,13.5,13.7
1400,7090,,Acsa,302,3.7,,,,2,,,
147,7090,,Acpe,302,7.3,,,,4.7,5.8,6.5,7.5
148,7090,,Acsa,304,2.4,,,,1.3,1.3,,
149,7090,23,Acsa,305,16.6,34.7,35,38.8,41.9,41.7,41.99,46.5
1471,7090,,acsa,310,4.1,,,,,,,2.9
150,7090,,Acpe,311,5.6,,,,,5.1,6,6.4
151,7090,38,Acsa,314,14.2,,,11.1,12.7,13.2,14.2,16.4
1472,7090,,acsa,315,18.9,,,,,,,5.5
153,7090,39,Acsa,317,13.9,,,7.5,7.9,7.4,,
152,7090,906,Acsa,317,18.9,,,44.2,45,46.5,46.73,50
1401,7090,,Acsa,318,7.4,,,,2,,,
1402,7090,,Acsa,325,7.8,,,,2.3,,,
1473,7090,,acsa,328,10.3,,,,,,,5.2
1403,7090,,Acpe,334,4.3,,,,3.2,,,
154,7090,24,Acsa,334,8.3,63.5,64.5,,,,,
155,7090,,Acpe,338,11.9,,,,,6.5,7.6,8.8
1404,7090,,Acpe,339,6.2,,,,2.3,,,
1474,7090,,acsa,339,11.3,,,,,,,5.7
156,7090,40,Osvi,353,12.4,,,9.4,8.2,,,
157,7091,18,Tsca,-1,-0.1,13.2,13.7,,,,,
158,7091,3,Tsca,12,13.8,36.3,37.5,43.1,44.7,46,48.3,49.9
159,7091,1,Tsca,13,1.6,15.2,16.2,21.2,23.2,24.3,26,28.5
161,7091,2,Belu,16,8.4,62.4,64.5,70.1,,,,
162,7091,4,Acsa,24,15.1,25.9,26.1,,,,,
163,7091,910,Tsca,38,17,,,22.5,23.9,24.8,26.2,27.6
164,7091,5,Tsca,51,10.5,15.2,16,21.7,23.1,24.1,26.1,28.5
165,7091,8,Acsa,53,1.2,41.6,42.9,50.3,53.2,55.1,55.7,58.4
166,7091,6,Belu,59,12.5,22.8,23.3,26.1,27.2,28,28.8,29.7
167,7091,902,Acsa,68,16.9,,,53.9,56.3,57.6,57.97,61.4
168,7091,48,Tsca,72,11.2,,,11.1,11.9,10.9,,
169,7091,49,Tsca,74,12.2,,,13.7,14.2,14.5,15.1,16.4
170,7091,903,Acsa,79,17.2,,,67.7,67.8,68.7,,
171,7091,7,Acsa,83,4.4,52.3,52.5,55.4,54.9,55.4,,
172,7091,12,Tsca,85,14.2,15.4,16,17.8,18.3,18.3,19.3,20.5
173,7091,50,Tsca,89,14.4,,,13,13.5,13.6,13.8,
174,7091,51,Tsca,89,15,,,12.4,13.1,13.7,15.4,18.1
175,7091,11,Tsca,90,10.7,26.1,27.4,34,36.7,39.2,42.3,45.4
176,7091,13,Belu,91,13.3,50,52,56.8,56.2,56.8,,
177,7091,10,Tsca,104,8.5,22.8,24.1,29.3,30.9,32.4,34.2,36.5
178,7091,9,Tsca,108,8.8,17.7,18.2,20.5,21,21.6,21.7,22.7
179,7091,14,Tiam,125,7.1,58.1,58.9,65.3,67,69.2,68.7,71.1
180,7091,15,Tsca,156,6.7,17.5,18.7,24.3,26,27.7,28.2,29.4
181,7091,21,Tsca,175,8.3,28.1,29.2,33.4,33.7,34.2,,
182,7091,16,Belu,177,13.2,59.6,61.2,67,67.7,68.8,69.6,70
183,7091,17,Tsca,178,13.2,19.3,20.3,25.5,25.6,26.2,27.2,
184,7091,904,Acsa,179,18.2,,,59.8,61.2,62.9,63.21,65.2
185,7091,22,Acsa,191,8.6,37.5,37.8,,,,,
186,7091,19,Tsca,192,11.5,22.3,23.3,27.6,,,,
187,7091,20,Tsca,195,11,15.4,16,17.6,,,,
188,7091,52,Tsca,196,12.6,,,11.6,11.9,12.2,13.2,13.9
189,7091,23,Tsca,205,15.5,13.7,14.2,16.2,16.5,16.5,17,17
190,7091,25,Tsca,208,12.3,12.9,13.2,14.6,14.8,14.9,15,15.6
191,7091,24,Belu,210,14.9,46.4,47.4,52.2,53.4,53.7,54.8,55
192,7091,26,Tsca,219,8.7,27.4,28.1,31,31.7,34,33.8,35
193,7091,57,Tsca,221,14.7,,,12.2,12.8,,,
194,7091,28,Belu,224,15.3,21.8,22.6,26.5,28,28.7,29.7,31.8
195,7091,53,Tsca,229,14.8,,,9.2,9,9,,
196,7091,31,Acsa,237,13,69,70.3,78.8,79.7,80.3,81.7,
197,7091,33,Tsca,240,10.5,17.2,17.2,18.3,18.2,18,18.2,18.4
198,7091,29,Tsca,240,15.8,20.5,20.8,21.9,22.1,22.2,24.9,22.6
199,7091,30,Tsca,243,16.7,26.4,27.1,31.8,33.7,35.3,37.1,38.7
200,7091,34,Tsca,244,10.2,29.7,30.4,34.6,36.1,37.1,38.6,40
201,7091,37,Tsca,248,5.5,21.3,21.5,25,,,,
202,7091,36,Belu,248,6.2,70.8,72.8,80.9,81.8,81.7,82.4,86.4
203,7091,905,Tsca,260,17.1,,,34.1,36,38.2,38.61,41.6
204,7091,54,Tsca,262,13.4,,,11.8,12.1,12.5,12.7,12.9
205,7091,35,Tsca,264,10.6,27.6,28.1,32.4,33.7,35.2,35.9,36.3
206,7091,38,Tsca,280,7.7,23.6,24.6,31.1,33.3,35.4,37.3,39.3
207,7091,55,Tsca,284,6.7,,,11.9,12.4,12.6,13.2,13.2
208,7091,40,Tsca,284,15.3,26.6,27.1,32.3,34.6,36.3,38.9,40.9
209,7091,39,Belu,290,12.7,36.5,36.8,,,,,
210,7091,41,Acsa,297,15,57.1,57.1,,,,,
211,7091,908,Tsca,303,18.7,,,34.9,37.2,38.1,38.42,40
212,7091,43,Tiam,306,6.6,13.4,13.9,16.5,17.5,18.5,19.5,21.1
213,7091,909,Tsca,308,17.6,,,32.3,32.7,33.1,33.18,34.5
214,7091,42,Tsca,310,9.8,18,18.7,23.5,25,26.2,27.8,29.6
215,7091,56,Tsca,314,13.8,,,8.6,9.2,9.2,9.2,10.3
216,7091,44,Belu,326,13.3,45.7,46.2,49.1,,,,
217,7091,45,Tsca,327,15.1,30.9,32,36.4,37.8,38.9,40.8,42.5
218,7091,46,Tsca,341,13.4,31.2,32.7,41.1,44.2,47.6,51,51.3
219,7091,47,Tsca,358,9.6,19.5,20,21.8,22.7,23.5,24.8,26.8
220,7092,5,Acsa,-1,-0.1,30.2,,,,,,
221,7092,2,Tsca,2,13.6,43.9,45.4,51.8,53.6,54.5,55.8,57.6
222,7092,901,Tsca,12,17.4,,,28.2,28.6,28.3,28.31,28.7
223,7092,4,Acsa,15,12.6,28.9,28.9,30.3,30.4,30.5,30.7,30.8
224,7092,3,Acsa,15,13,29.9,30.4,32.8,33.6,33.8,34.1,34.1
225,7092,902,Acsa,17,18.3,,,54.9,55.6,55.5,55.56,57.3
226,7092,1,Tsca,28,5.3,37.8,38.6,41.5,42.2,42.7,43.4,43.7
227,7092,6,Tsca,31,13,60.4,61.9,70.5,71.6,72.9,75,76.6
228,7092,7,Tsca,54,10.9,53.3,54.6,60.8,62.4,63.3,64,66
229,7092,8,Tsca,58,9.9,14.4,14.9,16.3,17.3,17.3,18,18.8
230,7092,903,Tsca,59,16.3,,,28.7,29.5,29.6,29.69,31.1
231,7092,10,Tiam,75,5.4,44.7,45.4,52.6,54.2,55.7,56.2,58.4
232,7092,9,Tsca,76,14.8,31.4,32.2,36.2,37,37.3,38,39.2
233,7092,904,Tsca,81,19.1,,,52.5,53.7,54.5,54.7,56.1
234,7092,905,Tsca,85,17.1,,,16.7,17.2,,,
235,7092,906,Tsca,88,17,,,32.5,,,,
236,7092,11,Tsca,90,4.4,37.8,38.6,,,,,
237,7092,12,Tsca,93,11.8,35.5,36,40.6,42.9,43.6,44.6,45.7
238,7092,13,Acsa,97,13,49.5,50.2,53.7,55.8,57.9,59.1,61.3
239,7092,907,Tsca,105,16.7,,,31.8,31.5,,,
240,7092,14,Tsca,111,15,19.5,19.5,20.2,20.3,20.3,20.2,
241,7092,908,Acsa,114,16.4,,,45,46.5,48.2,48.52,51.4
242,7092,15,Tsca,122,10.1,49.2,50.5,55.4,56.8,57,59,60.7
243,7092,910,Tiam,146,17.6,,,42.8,44.8,46.5,46.87,48.3
245,7092,16,Tiam,152,7.4,59.9,60.1,64.5,65.1,65.4,,
248,7092,17,Tiam,152,10.2,40.3,40.8,45.1,46.1,46.9,47.7,49.8
246,7092,18,Tsca,152,11.4,19.5,19.5,19.6,19.7,,,
247,7092,20,Tsca,152,15.7,23.8,24.1,26.5,26.7,27.5,28,
244,7092,909,Tsca,152,16.8,,,16.1,16,,,
249,7092,19,Tsca,161,12.2,29.4,29.7,31.3,33,36.1,37.4,
250,7092,911,Acsa,167,17,,,54.3,,,,
251,7092,26,Tsca,179,6.7,19.8,19.8,,,,,
252,7092,25,Tsca,180,6.9,33.2,33.2,35.2,35.9,36,36.5,37
253,7092,27,Tsca,183,10.7,17.2,17.2,17.6,17.8,17.8,18.1,18.4
254,7092,21,Tsca,185,13,37.8,38.8,43.9,45.7,46.6,48.8,
255,7092,22,Acsa,192,13,26.1,26.1,,,,,
256,7092,912,Tsca,193,17.5,,,45,,,,
257,7092,28,Acsa,200,3.9,46.2,47.2,50.9,52.5,52.8,53.4,55.5
258,7092,23,Tsca,201,16.3,16.7,16.7,16.8,16.8,,,
259,7092,24,Tsca,207,14.4,54.6,55.8,64.1,66.1,67.1,68.7,69
260,7092,29,Tsca,226,9.5,36.8,37.5,42,43.4,44.3,45.2,46.5
261,7092,30,Acsa,248,10.1,41.4,41.9,45.7,47.3,47.7,48.7,48.9
262,7092,31,Tsca,251,12.6,26.9,27.1,28.4,28.9,28.8,29.2,29.2
263,7092,913,Belu,260,16.4,,,57.4,57.6,58.2,58.28,58.1
264,7092,32,Tsca,263,14.2,33.5,34.5,37.4,38.2,38.4,38.8,39.7
266,7092,33,Tsca,272,6.7,54.8,55.8,60.8,61.8,62.7,64.6,65.5
265,7092,914,Tsca,272,16.3,,,23.2,23.3,,,
267,7092,915,Tsca,304,16.1,,,40.2,40.9,40.9,40.97,42
271,7092,34,Tsca,313,2.7,40.8,44.8,46.9,48.5,49.3,50.1,51.6
270,7092,35,Tsca,313,5.8,37.8,38.8,43.8,45,45.5,46.4,46.5
268,7092,36,Tsca,313,11.3,33.7,34.5,36.1,36.3,36.3,36.7,36.2
269,7092,37,Acsa,313,14.2,37.8,38.3,41.9,42.9,43.4,43.7,43.9
272,7092,38,Tsca,327,15.5,44.1,45.2,49.3,50.7,50.7,51.5,53.8
273,7092,916,Tiam,330,17.4,,,65.1,66.6,67.4,67.63,69.8
274,7092,917,Tsca,347,17.1,,,76.3,78.1,79.2,,
275,7092,39,Tsca,350,14.4,31.2,31.7,34.8,35.4,35.9,36.3,37.1
279,7093,57,Tsca,9.963781349,13.36737193,,12.7,16.1,16.4,16.1,16.3,16.4
280,7093,2,Tsca,12.55710033,8.763612099,24.8,26.1,34.6,36.1,37,38,38.8
281,7093,58,Acru,12.69513359,7.617536742,46.7,46.7,,,,,
284,7093,1,Tsca,16.76036628,4.927463109,19.8,20.8,26.1,27.5,27.9,28.5,29.5
283,7093,3,Tsca,27.55747577,13.30507013,76.4,77.7,85.8,87.6,89.2,91,92.2
282,7093,901,Tsca,27.98079656,16.21677367,,,28,28.6,28.8,28.88,29.4
285,7093,4,Tsca,63.96645498,11.20255417,91.9,,,,,,
287,7093,5,Tsca,71.12224327,5.207600171,44.4,46.2,58.3,59.6,61.9,64.2,66.7
286,7093,7,Tsca,72.63816536,11.8068806,14.2,14.9,19.5,19.9,20.4,21,21.6
288,7093,902,Tsca,79.1205437,17.36601488,,,26,26.3,26.3,26.33,26.3
289,7093,6,Tsca,83.48763492,9.951951305,15.7,17,20.9,21.3,21.6,22,21.4
290,7093,8,Tsca,87.20645986,12.35046856,16.5,17.7,22.8,23.5,24.4,25.3,26.1
291,7093,60,Tsca,92.06460481,11.96176835,,,7.4,,,,
292,7093,61,Tsca,104.9917339,13.46713737,,,11.2,11.1,11.3,11.1,
293,7093,10,Tsca,116.1495037,15.4485715,35.5,36.8,43.8,45.7,47.3,47.65,50.8
294,7093,12,Tiam,117.4538704,11.76131817,37.8,38.8,45.1,45.2,45.8,46.2,46.2
295,7093,11,Tsca,119.1633083,13.30246191,34.7,35.8,41.3,41.9,42.9,43.9,44.7
298,7093,13,Tsca,124.3269022,10.29831248,16.7,17.2,18.9,18.6,18.7,18.9,19.3
297,7093,14,Belu,125.1119996,9.307351564,46.7,48,51.9,52.4,53.8,53.5,54.7
296,7093,62,Tsca,127.3006339,5.802936498,,,9.3,9.3,9.6,9.2,9.3
299,7093,18,Acsa,136.5202574,10.11479983,31.4,31.7,36.5,34.6,35,35.3,37.4
302,7093,20,Belu,137.9945179,14.80707481,38.1,38.6,40.2,39.9,40.4,40.42,41.3
303,7093,19,Tsca,138.6655291,13.51767666,18.2,19,22.6,23.5,23.4,24,24.3
304,7093,63,Tsca,151.114448,10.70187098,,,12.3,13,12.9,12.9,12.6
300,7093,15,Tsca,152.8430482,4.302215418,29.2,30.2,34.7,35.7,36.3,37.8,37.8
305,7093,930,Tsca,158.7316525,17.17849261,,,33.1,33.6,33.9,33.98,35.2
307,7093,21,Acsa,163.4239391,14.43963285,38.3,39.1,45.5,45.9,47.1,47.4,48.2
310,7093,929,Acsa,165.1816139,16.94224018,,,50.1,50.3,50.1,51.9,52
308,7093,22,Tsca,166.1179978,13.63997694,15.4,16,18.8,19.4,19.4,19.8,20
311,7093,27,Tsca,172.5412531,8.998817862,,12.7,14.2,14.4,14.4,14.4,14.3
312,7093,23,Tsca,178.0505965,16.08955111,22.6,23.3,25.5,25.9,26,26.3,26.5
306,7093,17,Acsa,181.5071547,4.552552507,28.1,28.1,,,,,
315,7093,908,Tsca,186.5310874,17.17907121,,,15,14.9,,,
313,7093,24,Belu,186.9460003,16.3883525,30.2,30.7,33.2,33.2,33.6,34.2,34.2
316,7093,25,Tsca,189.5799942,13.86924045,21.8,22.6,25.9,26.7,27.1,26.8,26.8
301,7093,16,Tsca,189.6869597,2.110542752,29.9,30.4,33.2,34.1,34.1,34.7,34.9
314,7093,28,Tsca,193.997431,9.247096269,60.1,61.4,69.2,69.6,70.8,71.9,72.7
319,7093,29,Belu,204.5768003,13.21247658,25.4,25.6,26.4,26.1,26.3,26.8,26.6
317,7093,36,Acsa,209.7051686,7.027517504,28.9,28.9,31.2,,,,
309,7093,26,Acru,212.2952531,2.932832425,41.4,43.9,,,,,
322,7093,911,Tsca,215.6336642,18.51277138,,,35.4,36.4,37.5,37.71,38.1
321,7093,30,Tsca,216.9628981,15.43767992,40.3,41.6,49.4,50.6,52.5,54.4,55.7
324,7093,912,Tsca,218.663785,20.63536711,,,25.2,25.5,25.1,25.09,
325,7093,913,Belu,219.3468857,21.56376551,,,35.2,35.8,36.8,36.96,38.6
323,7093,31,Tsca,219.5818565,15.63554818,23.8,23.8,23.8,,,,
320,7093,37,Tsca,220.8579105,5.700263305,32.7,34,40.9,42.3,43.9,45.5,46.9
327,7093,32,Tsca,228.4640855,15.73434572,42.4,43.4,48.7,49,52.2,,
326,7093,35,Tsca,231.3705107,10.87949142,19,19.5,21.4,21.7,22.2,23,23.7
318,7093,38,Tsca,232.3238091,3.674708628,19,19.5,21.1,21.4,21.4,21.4,21.5
328,7093,34,Tsca,233.8730207,11.96620591,16.7,17,18.2,17.5,,,
329,7093,915,Tsca,246.6213852,20.88617477,,,38.1,37.8,39.5,39.64,40
330,7093,926,Tsca,251.5202348,16.95497675,,,24.7,25,25.4,25.8,26.2
331,7093,914,Tsca,252.7862359,21.17339949,,,38.8,40.4,42.7,43.09,46.4
332,7093,39,Tsca,253.8274747,13.37939897,43.9,43.9,45.5,,,,
333,7093,916,Tsca,259.9556107,18.63358432,,,43.9,44.9,47.6,48.5,50.3
335,7093,40,Tsca,268.3261227,11.34729014,38.8,40.1,48.1,49.8,51.9,53.5,55.1
334,7093,917,Belu,268.6434661,21.44692054,,,26.8,26.4,25,,
336,7093,931,Tsca,273.6166328,16.52342118,,,19.2,19.1,19.1,19.8,19.6
337,7093,919,Belu,273.9667856,22.12220212,,,53,53.2,53.6,53.5,54.5
338,7093,41,Belu,276.5459786,13.39692994,51,51.5,55.5,55.7,56.1,56.2,56.7
339,7093,932,Tsca,287.4783141,17.54421499,,,35,35.5,36.4,36.5,38.8
340,7093,42,Tsca,287.9441427,9.09814602,16.7,17,17.4,17.6,17.9,17.8,17.8
341,7093,50,Tsca,291.1762194,15.16206817,19.3,19.5,20,20.1,20.2,,
347,7093,922,Tsca,291.7438769,21.76541821,,,26,25.9,25.9,25.89,26.5
342,7093,927,Tsca,294.1998498,16.59682098,,,38.7,38.8,38.2,38,38.6
343,7093,51,Acsa,294.7485301,15.57943926,28.4,28.7,30.9,31,30.7,,
352,7093,59,Tsca,295.4607254,3.367911169,,,7.5,7.5,7.6,7.5,7.7
346,7093,44,Tsca,297.0818356,6.799839693,27.9,28.4,30.7,30.9,31.1,31.3,31.8
344,7093,43,Tsca,298.3031287,8.203731859,26.6,27.4,31.4,31,31.4,32.2,32.6
345,7093,64,Tsca,304.0716778,13.29849381,,,5,4.7,4.9,4.8,4.9
349,7093,52,Tsca,311.310872,13.65558338,67.3,68.8,79.5,81.3,83,85,87.5
348,7093,925,Tsca,311.8499932,16.36186335,,,11.8,11.6,11.8,12.1,12.7
355,7093,45,Belu,318.3443151,5.579566869,57.6,57.9,60.1,59.7,59.6,60.8,59.7
350,7093,53,Tsca,319.8827406,14.33883085,13.4,13.4,14.5,14,,,
354,7093,46,Acsa,321.9632962,6.396669425,33,33.5,35.7,36.6,35.9,36.2,36
357,7093,47,Tsca,327.6447816,6.667665368,13.9,13.9,14.1,14.2,,,
353,7093,49,Tsca,329.1845719,9.754466241,23.1,23.6,25.1,25.8,25.9,26.1,26.3
351,7093,921,Tsca,329.779259,19.18232875,,,84.6,86.1,85.7,85.81,86.8
356,7093,928,Acru,336.1554205,16.28014937,,,54.5,55.6,56.5,57.5,58.1
358,7093,54,Tsca,344.7106918,14.27405345,23.3,23.6,24.2,24.3,24.3,24.6,24.7
276,7093,56,Tsca,350.1705035,9.206322118,13.7,13.9,14.9,15,15.1,15.4,15.2
277,7093,55,Tsca,351.4236247,9.978370727,28.1,29.2,35.1,36.4,37.9,39.6,40
278,7093,923,Tsca,358.7732717,17.4934519,,,54.4,54.8,56.5,56.71,59.7
359,7094,2,Acsa,5,6.9,32,32.5,36.7,38.6,38.4,40.9,41.8
360,7094,918,Acsa,5,16.4,,,49.2,49.7,49.2,49.2,50.5
361,7094,4,Tsca,30,12.8,13.7,13.9,14.4,14.6,14.6,,
362,7094,901,Tiam,31,17.6,,,38.2,39.7,40.4,40.62,43
363,7094,3,Tsca,34,13.9,29.7,30.4,34.2,35,35.8,36.3,37.3
364,7094,5,Tsca,35,12.4,12.9,12.9,13.2,13.1,13.1,,
365,7094,8,Tsca,36,8.2,25.9,26.6,29.2,29.6,30.3,30.8,31.7
366,7094,7,Belu,37,8.8,25.6,25.9,,,,,
367,7094,6,Tsca,40,10.7,17,17.2,17.3,17.3,,,
368,7094,10,Tsca,45,4.8,20,20.5,22.4,22.8,23.2,23.6,
369,7094,9,Acsa,49,6.6,43.6,43.9,45.4,47.1,47.1,,
371,7094,71,Tsca,53,12.4,,,9.8,10.1,10.2,10.4,10.6
370,7094,15,Tsca,53,16,39.8,40.8,45.8,46.4,46.6,47.1,48.5
372,7094,902,Tsca,54,18.5,,,30.2,31.3,31.9,32.07,32.8
373,7094,13,Tsca,55,8.5,20.5,20.8,22,21.8,22.1,22.1,22.5
375,7094,72,Tsca,55,15.9,,,6.9,7.1,7,7,7
374,7094,903,Tsca,55,19.5,,,25.3,25.6,26.2,26.29,27
376,7094,12,Tsca,56,8.2,36,37,41.7,42.8,44.3,45,45.7
377,7094,14,Tsca,62,10.7,29.2,29.9,33.1,33.6,34.4,35,36
380,7094,11,Tsca,76,3.7,20.5,20.8,23,22.9,23.4,24.1,25.4
378,7094,18,Acsa,76,12.3,35.5,35.8,38.4,37.9,37.3,37.7,38.3
379,7094,17,Acru,76,13.7,25.6,25.9,27,27.1,27,,
381,7094,919,Tsca,79,15.9,,,44.6,45.9,46,48.5,48.3
382,7094,75,Osvi,99,14.9,,,20.7,,,,
383,7094,19,Tsca,100,11.3,32.5,33.7,40.6,42.8,44.4,46.1,48
384,7094,904,Acru,103,18.1,,,27.7,28.7,29.9,30.12,31.3
385,7094,21,Belu,106,6.7,26.6,27.4,30.8,30.8,30.4,30.9,31
386,7094,74,Tsca,108,11,,,7.5,7.7,7.9,8,8
387,7094,73,Osvi,108,11.7,,,9.5,9.5,9.5,9.5,
388,7094,905,Acsa,108,16.7,,,45.6,46.8,46.9,47.03,47.9
389,7094,22,Tsca,115,6.3,25.9,26.6,30.1,30.9,32,33.3,34.4
390,7094,23,Belu,121,6.2,29.2,29.7,33,33.8,33.2,,
391,7094,20,Osvi,121,14.2,15.4,15.7,16.6,17,17.4,17,17
392,7094,24,Tsca,123,6.3,13.9,14.2,15.1,15.8,15.2,15.4,15.5
393,7094,25,Tsca,124,5.4,16.7,17,17.4,18.4,17.7,17.4,
394,7094,,Tsca,126,15.8,,,,,7.4,7.4,
1405,7094,,Osvi,131,14.8,,,16.4,16.8,17.1,17.4,17.8
395,7094,34,Belu,139,15.9,26.4,27.4,32.7,32.7,33.3,33.3,33.6
396,7094,26,Tsca,142,4.9,22.8,23.1,24.9,23.9,24.1,24.2,24.2
397,7094,906,Acru,143,16.8,,,33.9,34.8,35.8,35.99,37
398,7094,35,Tsca,144,16,18.2,18.7,20.9,21.5,21.8,22,22.6
399,7094,33,Tsca,153,13.2,47.2,49,56.3,57.5,59.1,60.6,62.5
400,7094,31,Tsca,154,10.8,19.5,20,21.5,21.8,21.9,22,22.4
401,7094,32,Acsa,154,11.4,20.8,21,22.2,22.8,23.1,23.4,23.2
402,7094,27,Tsca,156,4.7,12.9,13.2,13.5,13.4,13.4,13.5,13.4
403,7094,28,Tsca,160,4.7,15.7,16,17.1,17.5,17.6,18.4,18.2
1406,7094,,Tsca,161,9.6,,,,12.3,,,
404,7094,,Tsca,161,14,,,,12.3,12.2,,
405,7094,37,Tsca,162,13.3,15.7,16.2,18.2,18.5,18.5,18.8,19.4
406,7094,910,Acsa,170,16.5,,,29.3,29.8,29.7,29.4,29.2
407,7094,38,Belu,172,12.7,17,,,,,,
410,7094,29,Tsca,185,1.4,25.6,25.9,26.7,26.7,26.8,27.2,26.5
409,7094,30,Tsca,185,7,44.1,45.2,50.5,51.7,52.6,53.4,54
411,7094,39,Tsca,185,13.9,46.4,47.4,53.2,54.1,55.2,55.8,56.5
408,7094,907,Tsca,185,18.4,,,50.2,51,52,52.18,53.2
412,7094,908,Tsca,194,17.8,,,32.3,32.8,32.9,32.96,35
414,7094,76,Tsca,196,11.4,,,9.9,10.3,10.3,10,
413,7094,909,Tsca,196,16.9,,,17.3,17.3,17.1,17.08,
415,7094,40,Tsca,198,13.2,36.8,38.1,43.9,44.9,46.3,47.7,48.5
416,7094,41,Tsca,212,13.4,15.7,15.7,16.3,16.2,16.8,16.5,16.6
417,7094,42,Tsca,218,13.5,29.2,30.2,33.5,34.1,35.4,35.6,36.3
419,7094,70,Acsa,223,11.4,28.9,29.4,31.8,31.9,32.5,32.7,33.7
418,7094,43,Tsca,223,16,18.7,20.3,24.6,26,26.6,27.2,28
421,7094,46,Tsca,228,9.1,14.7,14.7,15.6,15.4,15.6,15.6,15.5
420,7094,,Tsca,228,14.5,,,,8.4,8.5,8.4,9.2
422,7094,44,Tsca,234,14.1,46.9,48,55.4,54.2,55.3,56.3,57
423,7094,47,Tsca,240,7.5,48.5,49.7,55.4,57,57.7,58.8,59.9
424,7094,45,Tsca,243,15.6,16.2,16.7,19.2,20.2,20.6,21,21.4
425,7094,911,Tiam,253,17.9,,,48,48.7,49.7,49.87,52.2
427,7094,81,Tsca,254,14.5,,,9.1,,,,
426,7094,912,Acsa,254,19.3,,,34.4,35.1,35.4,,
428,7094,48,Tsca,255,7.2,27.1,27.6,29.5,30,30.5,31.1,31.7
429,7094,49,Tsca,258,11.2,34.5,35.3,37.4,37.6,38,38.3,38.7
430,7094,50,Tsca,259,13.8,45.2,46.7,53.6,54.7,55.9,57,58.5
431,7094,56,Tsca,268,6,18.5,18.7,18.7,18.7,,,
432,7094,51,Tsca,281,13,13.4,14.4,16.8,17.5,17.8,18,18.3
433,7094,54,Acsa,284,7.7,36.5,36.8,,,,,
434,7094,913,Acsa,286,17.1,,,38.3,40.1,41.1,41.38,
435,7094,52,Tsca,287,9.6,,12.7,15.3,14.1,14.8,15,15.3
436,7094,77,Tsca,288,14.4,,,10.1,10,10,10.1,10.5
437,7094,53,Acsa,292,10.6,30.4,31.2,32.7,33.8,34.3,34.6,34.7
439,7094,60,Tsca,314,7,24.1,25.1,28.3,29.2,30.1,30.7,31.8
438,7094,61,Tsca,314,11.6,23.1,24.1,25.9,26.3,26.4,26.3,26.8
442,7094,58,Tsca,315,4.3,20.8,21.3,22.9,23.2,23.6,23.6,24
440,7094,78,Tsca,315,9.1,,,9.8,,,,
441,7094,69,Tsca,315,10.9,25.4,26.4,31.1,32.2,33.7,34.5,35.7
444,7094,62,Tsca,315,14.5,22.3,23.6,28.4,28,28.8,29.5,30
443,7094,914,Acsa,315,16.9,,,27.9,27.7,29.6,29.77,30.3
445,7094,63,Belu,320,15.9,15.4,15.4,16.1,16.5,16.1,16.1,
446,7094,80,Tsca,320,16.1,,,12.4,12.1,,,
447,7094,57,Belu,327,3.6,25.6,26.6,29.2,29.4,29.8,,
448,7094,59,Acsa,327,5,41.4,41.6,43.6,44.2,44.4,44.6,44.9
449,7094,65,Acsa,329,14.9,26.6,26.9,27.5,27.4,29.4,,
450,7094,66,Tsca,330,15.6,13.4,13.7,14.4,14.7,14.3,14.5,14.5
451,7094,67,Tsca,332,15.8,14.4,14.7,15.3,15.9,15.4,15.4,15.3
452,7094,915,Tiam,332,18.5,,,38.5,39,39.3,39.38,40
453,7094,68,Tsca,339,12.9,17.7,18.7,21.5,22.4,22.7,22.7,22.9
454,7094,16,Tsca,341,16.3,35.5,37,43.4,44.2,44.9,45.05,46
455,7094,79,Tsca,353,12.8,,,8.9,9.1,9.1,9,
456,7094,916,Belu,353,17.6,,,33.5,33.9,34.9,35.04,35.8
457,7094,917,Acsa,358,16.6,,,27.3,27.2,,,
458,7095,,Acsa,5,15,,,11.4,12,12.5,12.7,
460,7095,1,Tsca,10,1.5,18.5,18.7,19.8,20.2,20.5,21,21
459,7095,2,Acru,10,7.5,16.7,17.2,19.9,19.5,20,20.8,20.2
462,7095,6,Tsca,15,10.9,15.4,15.7,16.7,16.8,16.7,17,16.9
461,7095,7,Tsca,15,15.6,14.7,14.9,15.8,,,,
463,7095,82,Tsca,19,8.6,,,,,,,
464,7095,5,Tsca,19,10.8,32.7,33.2,36.9,37.2,37.6,38.3,38.3
465,7095,3,Tsca,27,7.8,37.8,38.6,42,41.9,42.6,43.5,43.5
466,7095,4,Tsca,27,10.6,43.1,43.9,49.5,46.5,47.3,47.2,47.9
467,7095,901,Tsca,45,16.4,,,47.9,48.8,49.9,50.1,51.4
468,7095,8,Acsa,46,15.9,28.9,29.4,30.6,,,,
469,7095,9,Pogr,48,11.2,47.7,49.7,59.8,62,64,65.2,66.7
470,7095,14,Acru,49,2,13.7,14.4,16.1,16.3,16.6,16.9,17
471,7095,11,Tsca,60,10.9,23.6,24.1,25.7,26.4,26.7,27.2,27.3
472,7095,10,Tsca,62,13.2,22.8,23.6,25.5,26.1,26.9,27.5,27.8
473,7095,902,Tsca,63,16.9,,,48.7,49.6,50.8,51.01,52
474,7095,12,Acru,64,9.1,17.5,17.5,19.1,19.1,19.2,18.9,
475,7095,13,Belu,67,5.2,14.2,14.4,16.4,,,,
476,7095,903,Tsca,79,16.7,,,34.9,36.2,37.5,37.76,39
477,7095,17,Tsca,89,6.9,25.1,25.1,26.3,26.2,26.7,26.6,26.3
478,7095,18,Tsca,89,7.6,27.1,27.4,28.3,28.4,28.9,28.9,
479,7095,904,Acru,91,17,,,47.7,48.5,49.3,49.46,50.2
480,7095,19,Tsca,101,12.3,22,22.3,23.7,23,23.2,23.1,
482,7095,20,Tsca,108,15.1,24.3,24.8,26,27.8,28.4,28.6,29
481,7095,,Tsca,108,15.1,,,10.5,10.4,10.8,10.6,10.5
484,7095,16,Tsca,109,5.6,50.5,51.3,55.9,56.5,57.5,58.2,59.3
483,7095,21,Tsca,109,14.7,35.3,36,40.2,40.7,41.7,42.2,42.6
485,7095,25,Tsca,116,8.3,44.7,45.7,50.6,51.8,52.9,54,55
486,7095,15,Tsca,125,5.1,29.2,29.7,31,31.2,31.4,31.4,31.5
487,7095,24,Belu,129,13.2,16,16,,,,,
489,7095,22,Belu,129,15.7,19.5,20,24.1,,,,
488,7095,23,Belu,129,15.9,13.7,13.9,,,,,
490,7095,26,Tsca,140,8.9,18.2,18.7,20,20.3,20.7,21,21
491,7095,28,Tsca,140,12.1,37.3,38.3,44.5,46.2,47.7,48.9,50
492,7095,27,Acru,146,10.1,36.8,37,,,,,
493,7095,29,Tsca,147,15.2,33.2,34.2,38.6,39.8,41.1,41.9,43.1
494,7095,30,Tsca,154,13.4,23.8,24.1,24.9,25.1,25.1,25.2,
495,7095,31,Tsca,159,13.5,23.1,23.6,26.1,26.1,26.4,26.8,
496,7095,906,Tsca,163,18.6,,,36.8,37.1,38.5,38.67,39.6
498,7095,37,Acsa,168,11.2,20,20.3,22.6,22.8,23.1,23.2,23.3
497,7095,32,Tsca,168,15.2,15.7,16,17.7,17.4,17.9,17.9,18.4
499,7095,33,Tsca,170,13.8,13.9,13.9,,,,,
500,7095,75,Tsca,176,8.9,,,10.8,10.4,,,
501,7095,38,Tsca,177,9.8,14.2,14.2,15.1,15.1,15.3,15.3,15.3
502,7095,907,Tsca,180,16.4,,,16,16.3,16.6,16.66,16.5
503,7095,39,Tsca,181,9.2,26.9,27.9,33.6,35,36.4,37.6,38.4
504,7095,34,Pogr,188,15.9,49.5,50.8,60.4,60.9,62.8,62.9,63.8
505,7095,40,Tsca,189,6.6,20,20.5,22,22,22.2,22.4,22.5
506,7095,908,Tsca,190,16.7,,,28.9,29.8,30.8,30.99,32.2
507,7095,36,Tsca,199,11.6,33.2,34.2,39.4,40.6,41.7,42.6,43
508,7095,35,Pogr,200,15.4,30.9,32.7,42.3,45.6,48.8,50.6,53.6
509,7095,41,Belu,211,5.9,23.1,23.6,25.2,25.1,25.2,25.6,
510,7095,909,Tsca,212,17,,,29.5,30.3,31.2,31.37,32.4
511,7095,76,Tsca,214,12.7,,,9.8,10,10.1,10.1,10
512,7095,46,Acsa,215,15.2,18.2,18.5,19.2,19.4,19.7,20,19.9
513,7095,77,Tsca,216,15.4,,,7.5,7.5,8,7.6,
514,7095,43,Tsca,218,10.3,28.1,28.9,32.2,32.7,33.5,34.3,35.5
515,7095,44,Bepa,225,12.1,40.8,41.4,42.6,,,,
516,7095,45,Tsca,225,14.7,20.3,20.8,21.8,21.7,21.7,,
517,7095,42,Tsca,226,6.2,28.9,29.7,32.7,31.7,,,
518,7095,910,Tsca,233,16.6,,,24.9,25.5,25.7,,
519,7095,911,Tsca,248,16.8,,,21.1,20.9,21.4,,
520,7095,47,Acru,250,14.6,15.2,15.7,17.9,18.4,18.8,19.5,19.4
521,7095,912,Tsca,252,16.8,,,21.9,22.3,23,23.11,23.4
522,7095,49,Acsa,253,12.5,23.8,24.3,26.5,27.2,28,28.5,28.8
523,7095,48,Tsca,258,14,14.7,15.2,17.9,17.8,17.6,18,18.4
524,7095,53,Acsa,260,7.8,28.1,28.7,30.1,30.2,30.2,30,
525,7095,50,Tsca,260,15.5,29.9,30.9,35.2,36.1,37.2,37.8,38.3
526,7095,54,Tsca,263,4.8,22.8,23.6,27.1,27.9,28.8,29.4,29.8
527,7095,78,Tsca,265,14.5,,,6.6,,,,
528,7095,51,Tsca,268,13.5,28.9,29.9,35.3,36.9,37.8,39,39.5
529,7095,79,Tsca,270,15.6,,,4.9,,,,
530,7095,914,Tsca,272,16.4,,,24.5,24.8,25.3,25.38,25.6
531,7095,52,Tsca,275,8.3,22.8,23.8,27.1,27.6,28.3,29,29.3
532,7095,55,Tsca,276,4.9,22,22.3,23.2,23.5,23.1,23.4,23.3
533,7095,56,Tsca,279,3.9,34,35,40.4,42,43.2,44.6,44.8
534,7095,57,Thoc,283,14.9,36.5,37.3,40.9,40.4,40.7,41,40.9
536,7095,59,Tsca,284,6.5,24.1,24.3,26.5,26.1,26.4,26.5,26.4
535,7095,58,Tsca,284,11.8,14.9,15.2,16.6,16,16.5,16.5,
537,7095,60,Tsca,285,4.2,23.6,24.1,25.2,25.7,25.4,25.5,25.5
538,7095,915,Tsca,292,20.3,,,27.2,27.2,26.7,26,26
539,7095,65,Belu,295,12.9,13.9,13.9,,,,,
540,7095,66,Belu,295,15.1,28.1,28.9,32.2,32.5,34,33.3,33.4
542,7095,80,Tsca,296,7,,,11.1,,,,
541,7095,61,Tsca,296,8,37.5,38.6,43.7,44.8,46,47,48.1
543,7095,67,Tsca,299,14.2,18.5,19.3,21.7,22.2,22.7,23,23.3
544,7095,62,Tsca,300,8.4,33,33.5,35.4,35.8,36.1,36.3,36.3
545,7095,63,Tsca,308,8.9,17.7,18,18.8,19.4,19,19.3,19.2
546,7095,64,Acsa,313,10.1,24.8,25.1,,,,,
547,7095,916,Tiam,316,16.4,,,28.8,28.3,28.6,28.58,29
548,7095,917,Tiam,318,16.4,,,23.5,23.3,,,
549,7095,68,Tsca,321,14.8,24.6,25.4,29.9,30.8,32.6,33.5,34.4
550,7095,918,Tsca,329,19.4,,,61.3,62.3,63.5,63.72,65.3
551,7095,69,Tsca,332,15.9,35,36,42.1,42.7,44.1,45,45.8
552,7095,74,Tsca,339,9.4,,,18.2,18.8,18.7,18.8,18.7
553,7095,70,Tsca,341,13,17,17.2,18.2,18.2,18.5,18.4,18.7
554,7095,72,Acru,344,10.4,34.7,35,35.5,34.6,,,
555,7095,81,Tsca,347,7.3,,,10.5,10.6,10.7,10.7,10.6
556,7095,73,Tsca,348,9.2,43.9,44.9,49.7,50.7,51.8,52.5,53.2
557,7096,67,Tsca,1,5.1,14.4,14.9,17.5,17.8,18.3,18.9,19.5
558,7096,2,Tsca,11,9.1,13.9,14.2,14.9,15,15.2,15.3,15.3
560,7096,3,Tsca,12,12.3,17.7,18,19.4,19.8,19.4,20.5,20.8
559,7096,4,Tsca,12,13.4,19.8,20.3,22.8,23.5,24.7,26,27.3
561,7096,1,Tsca,15,4.1,12.9,13.4,14.4,14.4,14.7,14.7,14.4
562,7096,6,Tiam,17,11.4,27.9,27.9,28.5,29.1,29.5,30,29.8
563,7096,5,Tiam,18,11.8,50.2,51,55.3,56.2,,,
564,7096,901,Tsca,21,18.2,,,44,45.1,46.5,46.75,48.2
565,7096,7,Tsca,22,15.8,18.5,19,21.3,21.9,22.2,22.7,23.4
566,7096,8,Tsca,31,8.8,17.2,17.7,19.3,19.6,19.7,20.2,20.5
567,7096,92,Acsa,45,14.8,,,10.5,,,,
568,7096,71,Tsca,46,15.6,,,9,9.4,,,
571,7096,9,Acsa,52,3.2,49,49.5,54.3,55.8,55.5,56.5,
572,7096,10,Tsca,52,9,14.7,15.4,19.6,20.7,21.7,22.7,24.5
570,7096,11,Tsca,52,12.3,14.7,14.7,15.2,15.4,15.3,15.4,15.2
569,7096,13,Tsca,52,14.2,14.2,14.7,16.5,17.2,17.3,18,19.3
573,7096,902,Tsca,53,16.8,,,25,25.9,,,
574,7096,12,Pigl,64,12.8,24.8,25.1,25.6,25.6,,,
575,7096,72,Tsca,65,11.2,,,7.2,,,,
576,7096,14,Tsca,67,14.7,28.9,29.7,33.2,33.8,34.8,35.8,37.4
577,7096,15,Tsca,70,13.1,19,19.5,21.5,22.5,,,
579,7096,74,Tsca,73,1.8,,,4.2,,,,
578,7096,16,Qubo,73,10.9,61.9,63.2,70.9,70.9,72.6,,
580,7096,17,Tiam,82,13,20,20,,,,,
582,7096,18,Tiam,83,12.7,28.9,29.2,30,30.1,,,
581,7096,903,Tsca,83,17,,,57.9,59.1,60.3,60.54,62.9
583,7096,73,Tsca,85,12.1,,,10.1,9.9,10.5,10.8,11.4
584,7096,21,Tsca,88,5,13.9,14.9,19.5,20.7,21.9,23.2,24.6
585,7096,75,Osvi,90,7.8,,,7.8,7.9,7.9,7.9,7.9
586,7096,76,Tsca,93,15.1,,,11,11.3,11.7,11.8,12.2
587,7096,904,Tsca,102,18.2,,,23.6,24.2,24.9,25.03,26.3
588,7096,905,Tsca,104,18.3,,,15.8,15.6,15.8,15.8,15.9
589,7096,22,Tsca,108,3.9,17.5,,,,,,
590,7096,19,Tsca,109,14.8,39.6,41.1,46.9,48.5,49.3,50.5,51.6
591,7096,906,Tsca,113,16.9,,,20.8,20.9,20.9,20.91,
592,7096,69,Tsca,117,10.8,,,14.2,14,14.4,14.5,14.6
593,7096,20,Tsca,118,12.3,16.2,17.2,21,21.9,23.1,23.5,24.7
594,7096,29,Tiam,126,15.1,12.7,12.9,,,,,
595,7096,70,Acsa,127,15.7,,,,,,,
596,7096,30,Tiam,128,15.4,38.6,39.6,45,46.3,47.6,48.5,50.4
597,7096,28,Acsa,133,13,17.2,18,20.1,20.7,20.9,21.3,21.7
598,7096,77,Tsca,137,10.6,,,10,10,10,9.7,9.6
599,7096,23,Tsca,140,2.8,19.8,21,25.5,26.5,27.5,28.3,29.5
600,7096,27,Tsca,141,13,14.9,15.7,17.1,17.7,17.6,18,17.9
602,7096,25,Belu,149,9.6,24.8,25.9,28.8,30.5,30.9,30.7,31.5
601,7096,26,Tsca,149,10.8,21.3,22.6,26.7,27.5,28.3,28.6,29.2
603,7096,24,Acsa,170,6.6,39.3,40.1,45.4,45.9,46.8,47,47.7
604,7096,33,Tsca,175,9.4,22.3,23.6,28.4,29.5,30.3,31,32
606,7096,34,Acsa,183,10.6,13.9,14.2,,,,,
607,7096,35,Belu,183,14.3,25.6,26.6,30.6,30.1,31.5,31.8,31.5
605,7096,36,Tsca,183,15.5,13.7,15.2,21.2,22.7,24,25.1,26.1
608,7096,32,Tsca,187,7.4,27.9,29.4,34.5,36,37.2,38.2,39.2
609,7096,907,Acsa,187,18.6,,,47.9,49.2,49.5,49.66,50.3
610,7096,78,Tsca,194,10.9,,,8.3,8.3,8.3,8.5,8.7
612,7096,79,Tsca,203,10.7,,,5.1,4.8,5,5,
613,7096,38,Acsa,203,13.6,34.2,34.7,38.5,37.3,37.6,37.5,
611,7096,39,Acsa,203,15.2,20,20.3,34.1,34.9,35.9,36.4,37.5
614,7096,80,Tsca,205,12.7,,,11,11.3,11.5,11.5,11.7
615,7096,45,Tsca,218,8.7,24.8,25.9,29.7,30.6,31.8,32.5,33.4
616,7096,80,Tsca,219,13.3,,,11.1,11,11.1,11.1,11.1
617,7096,37,Acsa,225,15.3,20.2,20.9,22,21.6,21.8,22,22.4
618,7096,46,Tsca,227,4.8,16.7,17.2,19.2,19.6,19.7,20.1,20.3
621,7096,43,Tiam,232,10.2,32.5,33.5,37.6,38.5,39.6,40.2,40.4
619,7096,44,Tiam,232,10.7,45.9,46.4,50.3,48.6,48.9,49.3,49.1
620,7096,40,Tsca,232,13,15.2,15.7,16.9,17.3,17.4,17,17.5
622,7096,47,Acsa,233,3.1,20,20.5,21.7,21.7,22.2,22,22
623,7096,41,Tsca,236,13.4,42.9,43.9,48.2,49.5,50.7,51.8,52.8
624,7096,42,Pist,239,10.2,22.3,23.1,26,26.9,27.6,28.5,29.4
625,7096,908,Tsca,240,15.9,,,40,41.2,42.1,43.1,44.5
626,7096,48,Acsa,244,2.1,44.4,44.7,,,,,
627,7096,50,Tsca,257,6.9,17.5,18.2,20.9,21.1,21.6,22.2,22.8
628,7096,909,Acsa,257,16.5,,,44.9,45,45.4,45,45
629,7096,51,Tsca,263,7.6,13.4,13.9,15.4,15.7,16,16.2,16.2
630,7096,81,Tsca,263,15.3,,,7.8,7.6,8.3,8.3,
631,7096,82,Tsca,265,14.2,,,7,7,7.3,7.5,
632,7096,83,Tsca,268,11.5,,,6.1,,,,
633,7096,84,Tsca,272,11,,,6.8,6.8,7,6.8,6.9
634,7096,85,Tsca,273,10.5,,,8,8.1,8.5,8.4,8.5
635,7096,87,Tsca,275,15.6,,,14.5,15,15.4,15.7,
636,7096,86,Tsca,276,10.3,,,9.4,9.5,9.6,9.6,10.3
637,7096,910,Acsa,277,16.9,,,33.4,33.5,33.7,,
638,7096,52,Acsa,278,11.8,49,49.7,53.8,54.9,55.8,56.2,57.3
639,7096,49,Tsca,291,5.9,23.8,25.1,30.4,31.9,33.4,34.8,36.1
640,7096,54,Tiam,297,11.4,31.7,32.2,34.8,36,36.1,36.3,36.9
641,7096,56,Tiam,298,15,52.3,54.1,61.9,63.3,65.3,65.8,67.2
642,7096,55,Tiam,300,11.3,32.5,33.2,36.8,37.5,38,38.3,39.2
643,7096,59,Tsca,304,7.8,13.4,13.9,16.3,16.8,17.5,18,18.2
644,7096,57,Tsca,304,14.8,14.4,15.2,17,17.4,17.7,17.9,18.4
645,7096,58,Tiam,306,12.6,14.9,15.7,18.6,19.1,19.9,20.6,21.4
646,7096,87,Tsca,308,14.8,,,12.1,12.4,12.5,13,13
647,7096,60,Pogr,315,12.5,49,,,,,,
648,7096,61,Tsca,316,14.4,34.5,35.5,39.7,40.5,42,42.4,44.2
649,7096,62,Tsca,321,14.1,13.2,13.9,,,,,
650,7096,64,Pigl,340,12.7,46.7,47.2,48.8,,,,
651,7096,63,Tsca,340,14.2,19.3,19.5,21.2,21.6,22.2,23,24.1
652,7096,88,Acsa,342,9.1,,,10.1,10.2,10.3,10.4,11
653,7096,89,Tsca,347,8.9,,,5.6,,,,
654,7096,68,Tsca,351,4.6,22.8,23.3,25.9,26.7,27.1,27.7,28.1
655,7096,90,Tsca,351,9.6,,,6.6,6.7,7,7.5,7.5
656,7096,65,Tsca,353,11.1,26.1,27.1,32.3,33.3,33.9,34.6,35.6
657,7096,91,Tsca,356,8,,,12,12.1,12,12.1,12.5
658,7096,66,Tsca,359,7.9,37,38.6,44.9,46.5,48.8,50,51.7
660,7097,9,Osvi,-1,-0.1,15.2,15.4,,,,,
661,7097,16,Acsa,-1,-0.1,13.7,14.2,,,,,
666,7097,22,Acsa,-1,-0.1,16.7,17.2,,,,,
664,7097,15,Tiam,-1,-0.1,47.7,47.7,,,,,
659,7097,29,Acsa,-1,-0.1,32.5,,,,,,
662,7097,14,Acsa,-1,-0.1,12.9,,,,,,
663,7097,31,Tiam,-1,-0.1,51.3,,,,,,
665,7097,12,Acsa,-1,-0.1,27.1,,,,,,
667,7097,30,Acsa,1,14.8,48.5,49.5,54.9,55.9,56.8,58.3,60
668,7097,2,Acsa,11,14.5,17.2,18,19,19.3,19.7,20,20
669,7097,1,Acsa,19,8.9,16.5,17,,,,,
670,7097,901,Acsa,21,17.2,,,28.1,28.3,29.6,30.5,31.7
671,7097,3,Acsa,37,15,37.8,40.1,48.1,49.2,52,53.6,56.7
672,7097,902,Acsa,38,19.5,,,16.8,,,,
673,7097,4,Acsa,50,8.9,50.2,52.5,60.3,62.2,64.3,65.6,67.2
674,7097,5,Tsca,67,15.5,16.2,18,24.1,25.7,27.2,29.2,31
675,7097,6,Acsa,70,14,25.4,26.1,29.1,31.7,33,34,32.3
1407,7097,,Acsa,77,5.3,,,,1,,,
676,7097,7,Acsa,79,15.1,67.8,69.3,77,78.4,80.2,80.8,81.5
677,7097,13,Acsa,89,2.6,52.5,54.1,62.5,65.1,67.1,68.1,69.2
678,7097,8,Acsa,89,12.1,25.4,25.9,26.8,27.2,27.5,27.8,28
1408,7097,,Acsa,93,5,,,,1,,,
1409,7097,,Acsa,94,6,,,,1.4,1.8,2.2,2.6
679,7097,32,Acsa,118,13.8,,,5.8,6.4,7.3,7.8,8.3
1410,7097,,Acsa,120,7.3,,,,,,,1.2
1411,7097,,Acsa,125,7.3,,,,,,1.5,1.9
681,7097,11,Acsa,126,8.5,46.2,46.7,48.5,49.8,49.2,49.8,50.3
680,7097,10,Acsa,126,12.9,18.2,18.7,20.6,21.6,22.2,23,24
1412,7097,,Acsa,130,5.6,,,,,,,1
1413,7097,,Acsa,130,7.7,,,,,,,1
682,7097,903,Acsa,140,17.3,,,50.9,54.4,,,
1414,7097,,Acsa,141,3.9,,,,,,1.5,1.7
1415,7097,,Acsa,146,6.2,,,,,,1.6,2.2
683,7097,17,Acsa,149,15.5,32.2,32.7,33.9,33.8,34,34.6,35.5
684,7097,,Acsa,170,3.8,,,,1,,,
1416,7097,,Acsa,170,4,,,,,,,1
685,7097,,Acsa,175,5,,,,,1.9,,
686,7097,,Acsa,179,2.4,,,,1,1.1,1.3,2.6
687,7097,,Osvi,180,2.6,,,,4.4,5.1,5.3,6.3
688,7097,,Acsa,185,5.4,,,,1,,,
1418,7097,,Acsa,186,5.6,,,,1.4,,,
689,7097,,Acsa,189,3.6,,,,,1.3,,
1419,7097,,Acsa,197,5.2,,,,,1,1.1,
690,7097,,Osvi,200,2.4,,,,,1.3,,
691,7097,18,Acsa,200,10.5,39.8,41.6,50.6,52.5,53.6,55.1,56.4
1420,7097,,Acsa,207,5.3,,,,1.2,1.7,3,5
1421,7097,,Acsa,208,7.2,,,,,,,7.2
692,7097,,Acsa,213,4.7,,,,,1,,
694,7097,20,Acsa,232,4.3,22.8,23.3,24.5,25.4,26.5,27.3,28
693,7097,19,Acsa,232,8.7,34.5,36.3,44.7,47.8,49.3,50.9,53.5
695,7097,23,Acsa,246,12.1,28.7,29.4,32.3,32.5,32.8,32.7,
697,7097,21,Tiam,268,3.7,88.1,88.3,91.8,,,,
696,7097,906,Acsa,268,17.3,,,54.9,56.3,57.2,58.3,60.1
698,7097,909,Acsa,275,16,,,57,57.1,58.3,59.8,61.2
699,7097,24,Acsa,277,8.5,36,36.8,41.1,42.2,43.4,44,46
700,7097,25,Acsa,290,11.6,18.2,18.5,19.9,20.4,20.7,21.3,21.7
701,7097,26,Acsa,310,4.8,37.5,38.3,39.9,43.6,44.6,45.3,45.2
702,7097,28,Acsa,321,14.9,40.8,41.6,45.5,47.9,49.9,50,50
703,7097,27,Acsa,323,6.6,15.7,16.2,17.6,17.7,18.3,19.5,20.3
705,7097,35,Acsa,345,12,,,8,8.2,8.7,10,10.1
706,7098,1,Acsa,8,13.8,48.2,49.5,54.7,54.9,56.2,57.8,60.6
1422,7098,,Osvi,11,7.9,,,,,,1.1,
1423,7098,,Acpe,14,3.6,,,,,,,2.2
707,7098,2,Acsa,17,15.8,63.7,65.2,73.9,73.6,,,
708,7098,3,Tsca,26,13.3,50,51.3,54.6,55.6,57.8,61.7,
1424,7098,,Acpe,27,10,,,,,,,5.2
709,7098,5,Acsa,37,8.1,18.7,19.3,19.8,,,,
710,7098,6,Acsa,44,10.8,13.7,13.9,,,,,
711,7098,902,Acsa,44,18.4,,,28.7,29,31.6,31.89,36.3
1425,7098,,Acpe,45,7.1,,,,,,,1.6
712,7098,4,Acsa,51,11.8,18.2,19,21.1,21.1,21.4,22.5,25
1426,7098,,Acpe,55,4.5,,,,,,,2.3
1427,7098,,Acpe,64,5.6,,,,,,,1.2
1428,7098,,Acpe,70,7.3,,,,,,,1.9
713,7098,7,Acsa,73,15.6,33,35,41.5,42.8,43.6,44.7,47.2
714,7098,8,Acsa,86,14.7,46.2,48,56.7,57.4,59,60.3,61.7
715,7098,9,Acsa,97,15.5,54.6,55.8,61.3,62,63.4,63.2,64.1
716,7098,903,Acsa,98,18.7,,,13.6,13.8,14.2,14.26,15.2
717,7098,10,Acsa,101,9.2,31.2,32,33.9,34,34.3,34.2,
719,7098,11,Acsa,117,10.6,49,50.8,57.4,57.9,58.1,58.7,59.7
718,7098,30,Osvi,117,16.1,,,6.8,6.8,7.1,7.9,8.4
720,7098,37,Acsa,119,8.2,,,14.4,14.5,14.4,15.2,15.5
721,7098,31,Osvi,124,14,,,6.5,6.8,6.8,7.5,8.2
722,7098,13,Acsa,140,5.4,25.9,25.9,33.6,34.1,34.3,34.8,34.5
723,7098,19,Acsa,142,16,45.7,46.9,54.5,55.1,55,55.5,57.5
724,7098,14,Acsa,160,11.3,50.5,51.8,59.6,61.4,63.2,63.7,65.6
725,7098,905,Acsa,165,17.2,,,26.5,26.6,27,27.05,29.4
726,7098,20,Acsa,166,13.9,13.9,14.2,14.6,,,,
727,7098,906,Acsa,182,18.7,,,42.8,43.2,45.5,45.77,46.5
1429,7098,,Acpe,187,7.6,,,,,,,1.5
728,7098,15,Acsa,189,12.3,30.7,31.4,53.4,53.8,54.2,54.6,55.6
729,7098,21,Acsa,193,15.9,38.1,39.8,47,47.7,49.8,50.7,53.2
730,7098,16,Acsa,197,4.2,40.8,41.9,46.2,46.9,47.9,48.7,48.4
1430,7098,,Acsa,200,4.7,,,,,,,1.1
731,7098,17,Acsa,209,8.4,43.1,43.9,51.4,54.5,,,
732,7098,18,Acsa,210,10.9,25.6,26.6,34,,,,
1431,7098,,Acpe,225,4.2,,,,,,,1.3
733,7098,22,Acsa,231,15.7,47.2,48,54.1,53.8,54.4,56,56.5
734,7098,32,Osvi,244,9.9,,,7,7.4,8.2,10.5,12.1
735,7098,23,Acsa,251,15.1,75.1,76.7,82.2,82.3,83.4,83.7,84.9
736,7098,910,Acsa,263,17.4,,,25,25.9,26.8,26.98,27.9
1432,7098,,Acpe,267,1.2,,,,,,,1.8
737,7098,33,Osvi,270,13.9,,,9,9.7,10.4,11.9,12.8
738,7098,24,Acsa,272,5.7,65.2,65.5,70.1,71.4,72.4,,
739,7098,25,Acsa,280,12.6,42.1,42.9,45.7,46,46.8,47.1,48.4
740,7098,34,Belu,281,14.6,,,11.8,12.2,12.5,13.4,15.6
741,7098,912,Acsa,297,18.9,,,47.2,47.9,48.2,48.3,49.8
742,7098,26,Acsa,300,12.5,66,67.5,74.9,75.6,77.8,78,79.4
743,7098,913,Acsa,300,16,,,46.1,46.9,47.9,48.5,49.3
1433,7098,,Acpe,306,4.6,,,,,,,1.9
744,7098,28,Acsa,308,6.6,31.4,31.7,33.3,,,,
745,7098,35,Osvi,309,8,,,6.4,6.9,7.5,9,11.3
1434,7098,,Acpe,310,5.6,,,,,,,2.2
746,7098,27,Acsa,313,13.2,23.6,23.8,24.1,,,,
747,7098,36,Osvi,314,9.3,,,8.6,9,10.1,11.8,13.6
1435,7098,,Acpe,315,5.7,,,,,,,1.2
1436,7098,,Acpe,324,2.3,,,,,,,1.7
1437,7098,,Acpe,324,3.2,,,,,,,2.3
1438,7098,,Acpe,326,4.7,,,,,,1.2,1.8
1439,7098,,Acpe,330,3.3,,,,,,,1.9
748,7098,29,Acsa,330,6.4,41.6,42.9,46.9,47.1,47.7,48.5,50
1440,7099,,Acpe,1,4.2,,,,3.9,,,
749,7099,45,Acsa,3,13.8,,,8.8,8,8.4,8.5,8.4
750,7099,54,Acpe,8,7.2,,,,3.9,4.9,5.7,6.6
751,7099,2,Tsca,13,16.1,67.3,67.5,,,,,
752,7099,35,Acsa,16,11.3,,,10.9,10.7,11.6,11.9,12.6
753,7099,1,Belu,24,6.9,56.8,58.4,69.8,71.4,73.5,73.2,76.3
754,7099,55,Acpe,26,5.1,,,,1.6,,,
1441,7099,,Acpe,28,3.8,,,,2.8,,,
755,7099,901,Acsa,42,18.1,,,62.6,63.4,65,65.24,67
756,7099,3,Acsa,43,11.7,23.8,24.1,25.4,25.9,26,26.2,26.5
1442,7099,,Acpe,50,7.2,,,,,,,3.2
757,7099,36,Acsa,54,11.3,,,11.2,12,,,
759,7099,37,Abba,63,12.3,,,8.9,10.3,11.9,12,12.9
758,7099,902,Acsa,63,17.1,,,52.8,53,53.4,53.46,54.1
760,7099,903,Tsca,69,17.7,,,27.3,28.5,30,30.27,32.5
761,7099,4,Belu,70,15.1,14.2,14.9,,,,,
1443,7099,,Acpe,74,6,,,,1.8,,,
762,7099,5,Acsa,81,13.6,48.2,49,53.5,54,54,54.2,54.2
763,7099,6,Acsa,82,15.6,30.2,30.4,31.7,31.5,31.8,31,31.9
764,7099,38,Acsa,84,7.6,,,8.2,9.6,9.7,10,11.5
765,7099,34,Abba,88,13.4,,12.7,18.5,19.6,20.3,,
766,7099,39,Acsa,90,5.6,,,7,7.7,8.5,9.3,10.6
767,7099,904,Acsa,90,17.4,,,48.1,50.3,50.3,50.52,52.3
768,7099,40,Tsca,97,9.1,,,9.8,10.8,12,13.9,16.4
769,7099,7,Abba,99,10.5,,13.2,18.7,,,,
770,7099,8,Tiam,115,11.4,24.1,24.3,,,,,
771,7099,9,Tiam,116,11,40.8,41.4,45.9,47.2,48.3,48.5,49
772,7099,10,Tiam,116,11.5,71.3,,,,,,
773,7099,11,Acsa,132,15.3,,12.9,31.7,34.2,36.4,38.1,40.9
774,7099,41,Acsa,142,12.5,,,18,20.7,21.6,22.9,24.2
775,7099,42,Osvi,160,5.6,,,14.7,13.9,13.9,14.1,14.3
777,7099,12,Osvi,178,6.8,13.2,13.7,17.6,17.6,18.3,18.5,19.1
776,7099,43,Osvi,178,10.3,,,10.1,11,11.6,12,12.7
778,7099,13,Acsa,184,13.3,51.3,52.5,59.5,60.3,61,61.8,62.4
779,7099,16,Acsa,214,8.5,43.6,44.7,50.6,52.6,53.9,55.1,56.7
780,7099,14,Belu,218,14.7,30.7,31.7,37.1,36.8,37.9,38.6,39.2
781,7099,44,Osvi,232,16.2,,,12.2,12.4,13.6,15,15.5
782,7099,17,Acsa,233,4.7,51.5,53.3,,,,,
783,7099,15,Acsa,234,10.4,32.5,32.5,34.3,35.1,35.4,35.3,36.6
784,7099,45,Osvi,243,8.1,,,11.7,,,,
785,7099,47,Acsa,246,15.4,,,15.8,16.3,16.8,16.7,17.3
786,7099,18,Acsa,248,8.6,48.2,49.7,,,,,
787,7099,46,Osvi,255,1.4,,,9.9,10.5,11.7,12.7,12.4
788,7099,20,Belu,260,14.6,34.5,35.3,39.2,40.2,41.3,42.1,42.7
789,7099,19,Acsa,264,9.8,23.6,23.8,24.4,24.7,,,
790,7099,21,Tsca,265,13.5,,12.7,19.5,21.5,23.1,24.4,25.6
791,7099,48,Tsca,269,14.7,,,13.7,13.2,13.7,14.4,15.2
792,7099,49,Abba,270,17,,,17.1,18.2,19.1,,
793,7099,909,Acsa,277,18.4,,,34.2,35.6,37.5,37.83,39.2
794,7099,22,Acsa,289,14.6,22.3,22.6,24.5,25.5,25.8,28.2,29.3
795,7099,33,Osvi,290,7.2,16.2,16.5,19.5,20.2,20.6,21,22.4
796,7099,23,Acsa,309,15.5,24.8,25.1,28.7,29,28.7,29.6,29.7
797,7099,25,Tiam,313,12.9,38.6,39.6,44.9,47,48.8,50.1,52.5
798,7099,50,Tiam,316,18.1,,,28,29.4,31.1,31.41,33.9
799,7099,26,Tiam,317,12.3,48,49,57.3,60.4,62.2,62.8,64.9
800,7099,912,Tiam,317,18.1,,,52.1,53.1,53.8,53.97,54
801,7099,27,Acsa,319,10.3,39.6,40.8,48.5,50.8,52,53.4,54.3
802,7099,24,Tsca,319,15.7,16.2,17.7,25.8,28.3,29.6,31.6,33.1
1444,7099,,Acpe,320,1.6,,,,1.8,,,
1445,7099,,Acpe,332,3,,,,1.5,,,
803,7099,28,Acsa,334,11.4,19,20,24.1,24.5,25.2,25.5,26
804,7099,29,Tiam,344,18.7,44.4,44.9,45.7,45.5,44.7,44.6,45.1
1446,7099,,Acpe,350,4.6,,,,2.8,2.9,3.2,3.4
805,7099,30,Tiam,351,17.1,28.4,,,,,,
806,7099,31,Acsa,353,17.2,42.1,42.4,45.6,47,45.7,45.7,48.3
808,7099,32,Acsa,359,14.4,30.9,32.5,38.8,40.8,41.6,42.6,43.7
807,7099,44,Acsa,359,15.7,,,6.9,7.3,7.5,7.7,8.2
809,7100,21,Belu,-1,-0.1,16,16.2,,,,,
810,7100,19,Belu,-1,-0.1,13.9,14.9,,,,,
811,7100,1,Acsa,3,3.1,28.7,29.2,31.4,31.9,32.6,32.7,33.4
812,7100,25,Osvi,5,7.1,,,5.9,6.5,6.7,7.5,8.3
813,7100,26,Acsa,5,8.9,,,7.2,7.6,8.1,8.7,9.4
815,7100,2,Acsa,13,12.7,48.7,49.7,,,,,
814,7100,,Osvi,13,13.6,,,9,9.2,10.6,11.8,12.4
816,7100,,Acpe,15,2.6,,,,1.5,,,
817,7100,28,Osvi,25,11.2,,,15,16.1,17,16.9,16.9
818,7100,42,Acsa,26,15,,,32.9,35.5,38.6,39.7,41.5
819,7100,3,Acsa,33,10.5,26.6,26.6,,,,,
820,7100,27,Acsa,35,2.3,,,8.7,9.1,9.3,9,11
821,7100,,Acsa,46,14.8,,,10.6,12.5,14.5,15,16.3
822,7100,5,Tsca,56,13.6,18.2,18.2,,,,,
823,7100,4,Qubo,63,10.7,69,69.3,,,,,
824,7100,29,Tsca,64,15.3,,,8.4,10.5,11.5,12.7,14.5
825,7100,6,Tsca,66,13.9,14.2,14.7,,,,,
826,7100,30,Tsca,67,8.4,,,9.7,11.8,13.4,15.7,17.7
827,7100,906,Acsa,68,19.4,,,37.2,37.4,37,36.98,36.7
828,7100,31,Tsca,83,14.5,,,9.4,10.1,10.7,11.4,12.4
829,7100,41,Tsca,84,16,,,,,,,
830,7100,7,Acsa,86,13.9,37.3,38.8,45.2,46.6,47.8,49,50.3
831,7100,8,Acsa,100,5.3,21,21.5,23.7,24.4,24.6,24.6,24.8
832,7100,,Osvi,102,9.6,,,,2.4,4.9,6.2,7.3
833,7100,43,Acsa,118,14,,,14.4,,,,
834,7100,9,Acsa,119,14.2,37.3,38.1,41.2,41.3,41.9,42.5,43.6
835,7100,32,Osvi,135,13.1,,,5.3,5.4,5.5,5.6,6.2
836,7100,10,Acsa,139,12,41.6,43.4,50.7,52,52.8,53.1,54.6
837,7100,910,Acsa,147,17.8,,,47.5,48.2,49.4,49.2,49.8
838,7100,11,Acsa,158,13,18.2,18.7,19.8,19.8,19.8,19.9,20.2
839,7100,44,Acsa,163,13.2,,,16.2,,,,
840,7100,13,Acsa,164,8.3,13.7,14.2,15.3,15.2,15.3,15.8,16
841,7100,911,Acsa,166,16.6,,,34,33.8,34,34,34.5
842,7100,12,Acsa,167,13.5,43.6,45.2,53.7,56,58.8,61,66.5
843,7100,33,Acsa,188,12.7,,,8.8,8.8,8.8,9.1,9.2
844,7100,14,Acsa,209,7,18.2,19,19.6,19.8,19.8,20.5,20.7
845,7100,16,Tiam,226,14.3,33.2,33.7,36,36.9,37.4,37.5,37.8
846,7100,15,Acsa,231,4.2,40.8,41.9,44.7,45.4,45.1,45.8,45.9
847,7100,40,Osvi,236,8.4,,,5.1,5.3,5.4,5.5,6.2
848,7100,17,Acsa,242,11.3,46.7,48.2,57.2,59.9,60.4,61.9,63.5
850,7100,34,Osvi,250,5.1,,,5.7,5.7,5.6,5.9,6.2
849,7100,913,Acsa,250,17.7,,,51.3,52.4,53.2,53.39,54.3
851,7100,35,Osvi,252,14.7,,,10,11.7,11.7,12.8,13.2
852,7100,18,Acsa,272,6.5,42.9,44.7,51.7,53.7,54.9,56.5,58
854,7100,20,Acsa,292,11.2,33.7,34.7,39.1,40.1,40.4,41.4,41.9
853,7100,914,Acsa,292,18,,,42.9,43.4,44.3,44.4,45
855,7100,36,Tsca,302,14.8,,,17.1,19.1,20.7,23.2,25.3
856,7100,915,Acsa,303,16.5,,,71.3,72.4,74.6,74.93,76.8
1447,7100,,Osvi,306,4.4,,,,,1,1.2,1.2
857,7100,916,Acsa,312,18.8,,,41.3,42.4,41.9,41.96,43
858,7100,37,Osvi,326,9.8,,,5.2,5.5,,,
859,7100,22,Acsa,334,12.6,50.2,51.5,58.3,59.7,59.8,60.3,62.2
860,7100,24,Acsa,335,7.3,64.5,65.5,73.2,73.7,74.1,75.5,75.4
861,7100,23,Tsca,337,10,13.9,14.2,16.6,17.5,19,20.2,21.4
862,7100,917,Tiam,341,18.1,,,39,39.1,39.5,39.55,40.3
863,7100,38,Tsca,344,13,,,14.9,15.9,17.1,,
864,7100,39,Osvi,351,8.4,,,9.5,10.3,11.1,11.8,12.5
865,7101,901,Acsa,21,17.2,,,27.4,28.1,29.3,30.5,31.4
866,7101,1,Tiam,28,7.6,45.4,45.7,,,,,
867,7101,2,Acsa,34,13,36.8,38.1,44.3,45.8,47.5,48.4,50.1
869,7101,3,Tiam,41,8.6,19.3,19.3,20.4,20.5,20.7,20.8,20.7
868,7101,902,Tiam,41,16.9,,,45.7,,,,
870,7101,4,Tiam,43,8.3,32,32.2,32.7,,,,
871,7101,903,Tsca,49,18.7,,,21.5,23,24.6,25.8,27.2
872,7101,30,Acsa,56,13.3,,,8.7,9,9.7,,
873,7101,5,Acsa,58,14,42.9,44.7,51.4,52.6,53.8,54.9,56.4
874,7101,6,Acsa,89,5.5,18.2,18.5,19.9,20.1,20.8,21.1,
875,7101,904,Acsa,101,16.2,,,24.8,25.6,25.8,26.4,27.1
877,7101,7,Acsa,108,5.2,40.1,40.8,43.9,44.8,45.2,45.6,46.3
876,7101,8,Acsa,108,11.1,25.1,25.6,28.1,28.5,28.9,29.3,30.2
878,7101,905,Acsa,119,20,,,32.2,32.8,33.4,34.5,36.1
879,7101,9,Acsa,122,10.4,46.4,48,54.1,55.7,57.7,59.3,61.9
881,7101,10,Acsa,151,14.3,57.6,58.9,65.6,66.2,66.4,,
882,7101,907,Acsa,164,16.5,,,27.1,28.3,28.8,30.5,33.4
883,7101,11,Acsa,176,10.9,50,50.5,54.6,55.7,56.9,59,62
1448,7101,,Acru,187,8,,,,2.3,,,
884,7101,12,Tiam,197,11.4,87.8,88.6,92.3,95.8,,,
885,7101,13,Tiam,197,12.1,36.8,37.8,45.5,45.8,45.8,,
1449,7101,,Osvi,199,4.4,,,,1.3,,,
886,7101,14,Acsa,207,15.9,21.3,22.6,25.5,26,26.8,26.9,28.1
887,7101,15,Acsa,208,10.6,27.6,28.4,29.1,30.3,30.6,31.7,33.3
888,7101,908,Acsa,228,16.9,,,33.1,33.8,34.5,,
889,7101,17,Acsa,229,5.2,46.2,48,55.3,56.9,59.2,60.4,63
890,7101,16,Acsa,243,9.8,24.3,25.1,28.1,28.4,29.7,30.8,32.7
891,7101,18,Acsa,258,12.9,15.2,15.7,16.9,17.2,,,
892,7101,909,Acsa,258,19.6,,,37,38.9,40,39.8,
893,7101,19,Acsa,273,12.1,21.5,22,,,,,
894,7101,910,Acsa,283,20,,,76.3,77.7,78.3,79.6,80.9
895,7101,21,Tsca,292,9,16.7,17,,,,,
896,7101,20,Acsa,293,14,22.3,22.8,25.5,26.2,26.7,28.5,28.3
897,7101,29,Acsa,297,3.2,20.8,21.3,23.7,24.4,25,25.5,27
898,7101,22,Acsa,304,15.7,48.7,50,54.9,55.7,56.7,57.5,58.5
899,7101,911,Acsa,319,18.3,,,42.9,43.5,44,44.1,44.6
900,7101,23,Acsa,320,13.9,25.1,25.9,28.5,29.2,30.3,30.5,31.2
901,7101,24,Acsa,333,15.2,23.6,23.8,24.6,24.7,24.9,25.1,25.4
902,7101,25,Acsa,339,13.5,51.8,53,58.7,58.9,60.1,60.9,62.3
903,7101,26,Acsa,344,15.8,46.4,47.4,52.6,54.2,54.8,55.5,56.4
904,7101,28,Acsa,354,5.7,64.7,64.7,,,,,
905,7101,31,Acsa,355,10.8,,,8.1,8.4,,,
906,7101,27,Acsa,356,10.6,34.5,35.5,40.8,42.2,43.5,44.3,45.5
907,7101,32,Acsa,357,10.4,,,5.8,5.4,5.6,5.6,
908,7102,1,Tiam,2,2.6,40.3,42.4,49,50.2,52.3,52.3,54.6
909,7102,47,Tsca,2,12.6,12.7,13.9,18.4,19.6,20.7,22,
910,7102,49,Osvi,3,5.2,,,7.5,7.5,7.5,8.1,8
911,7102,2,Acsa,3,5.8,47.7,48.2,52.1,52.3,53.1,,
912,7102,3,Acsa,5,10.8,28.7,28.9,30,30,30.9,,
913,7102,4,Tsca,14,13.6,17.2,19,25.8,27.6,29.6,,
914,7102,5,Tsca,15,9.3,14.4,16,22.2,24.2,25.7,28.5,31.4
915,7102,57,Tsca,32,4.2,,,9.1,10.2,10.1,,
916,7102,51,Tsca,32,4.8,,,7.1,7.4,7.5,7.5,7.5
917,7102,6,Osvi,35,7.9,12.9,12.9,13.4,13.4,,,
918,7102,7,Tsca,39,9.5,14.2,14.9,17.6,18,19.5,20.8,22.5
919,7102,8,Tsca,46,8.9,16.2,17,19.2,19.8,20.2,,
920,7102,9,Belu,55,6.2,55.8,56.8,61,61.3,61.9,62.8,64.2
921,7102,901,Acsa,55,17,,,55.3,55.5,57.6,58.4,59.3
922,7102,10,Tsca,57,3.8,16.7,17.7,23.8,24.4,25.1,28,29.6
923,7102,13,Tsca,60,11.5,13.4,14.4,16.6,18.6,18.6,19.4,
924,7102,,Tsca,63,15.4,,,14.4,14.9,15.1,15.8,16.5
925,7102,12,Acsa,69,11.4,28.9,29.2,30.4,31.2,30.9,,
927,7102,,Tsca,76,9.7,,,18.5,19.1,20.2,22.1,24
926,7102,14,Acsa,76,13.1,22,22,21.9,,,,
928,7102,15,Acsa,77,14.3,47.2,48,51.4,52.4,54.1,53.8,53.9
929,7102,16,Tsca,81,15.5,14.7,16,21.6,24,24.4,26.1,28.2
930,7102,11,Tsca,82,3.4,14.2,15.2,20.4,21.6,22.3,23.4,24.4
932,7102,17,Tsca,89,15.5,16.5,18,22.8,23.8,24.9,26.2,27.4
931,7102,902,Belu,89,15.6,,,17.1,16.9,,,
933,7102,903,Tiam,92,18,,,41,44.6,44.8,45,
934,7102,52,Tsca,93,14.6,,,13.8,15,14.5,15.2,15.4
935,7102,18,Tsca,102,12.3,17.2,18.2,23.1,24,25,26.3,27.4
936,7102,19,Belu,109,12.2,34.2,35.5,40.7,41.3,42,42.9,43.5
937,7102,53,Tsca,114,11,,,12.1,12.7,14.2,15.4,15.8
938,7102,54,Tsca,116,11.9,,,9.9,10.6,11.6,12.6,13.3
941,7102,20,Tiam,125,9.2,48,48.5,51.8,52.9,53.9,54.7,55.9
939,7102,22,Tiam,125,9.3,29.7,29.7,,,,,
940,7102,21,Tiam,125,9.5,21,21.3,,,,,
942,7102,904,Acsa,129,16.6,,,57.4,58.8,60.1,60.9,62
943,7102,23,Tsca,132,2.8,17.2,19,27.7,29.8,31.7,33.3,36.4
944,7102,55,Osvi,154,5.5,,,6,,,,
945,7102,24,Acsa,156,11.3,26.6,28.1,33.7,34.9,36.2,37.2,37.9
946,7102,56,Acsa,171,10.8,,,,,,,
947,7102,25,Belu,183,15,41.9,41.9,,,,,
949,7102,905,Tsca,183,16.3,,,17.6,19,20.4,21.7,23.7
948,7102,906,Belu,183,17.6,,,37.7,39.2,41.1,40.9,43.6
950,7102,50,Tsca,191,13.1,,,15.7,16.5,17.4,17.8,18.5
951,7102,26,Belu,193,14.6,12.7,12.9,12.8,,,,
952,7102,27,Tsca,196,14,15.4,17,23.5,26.5,27.4,29.2,31.2
953,7102,28,Tsca,203,12.5,14.9,16,21.6,,,,
954,7102,58,Tsca,205,12.1,,,9.9,10,10.1,10.2,
955,7102,907,Acsa,208,19.8,,,51.8,53.1,54.9,56.4,59.3
956,7102,32,Acsa,218,15.4,57.9,59.1,64.9,65.8,,,
958,7102,59,Tsca,220,15.7,,,14.3,15.2,16.3,17.5,
957,7102,908,Tsca,220,19.9,,,33.9,36.9,38.4,40.4,42.7
959,7102,31,Acsa,221,8.6,52.3,53.8,60.5,62,63.8,64.2,65.3
960,7102,909,Acsa,225,19.5,,,38.5,40.7,42.8,44.2,45.2
961,7102,30,Tsca,228,4.9,13.4,15.2,24.2,26.5,28.8,30.7,33
962,7102,33,Acsa,230,14.7,18.2,18.7,20.2,20.4,21.3,21.6,23.2
963,7102,34,Acsa,238,9.2,54.1,55.3,61.8,62.9,64.3,65,66.1
964,7102,35,Osvi,245,13.5,,12.7,14.1,,,,
965,7102,60,Acsa,248,16.7,,,18.2,18.4,,,
966,7102,910,Tsca,262,16.7,,,17,17.5,,,
967,7102,911,Acsa,264,17.3,,,24.6,24.9,26,,
968,7102,61,Tsca,268,11.1,,,10.8,10.8,11.2,11.7,12.2
969,7102,37,Acsa,268,13.5,53.8,55.3,63,63.2,64.5,,
970,7102,912,Tsca,270,17.9,,,26,26.8,27.8,29.3,30.9
972,7102,39,Tsca,271,10.4,22.6,24.6,33,36.1,38.7,40.7,43.5
971,7102,62,Tsca,271,14.2,,,8.9,9.3,9.2,9.9,10.5
973,7102,38,Tsca,280,13.9,23.1,24.6,31,32.2,34.1,36.5,38.7
974,7102,40,Acsa,289,7.7,29.9,30.2,34,34.4,35.4,36.2,37.8
975,7102,63,Tsca,295,14.4,,,8.3,8.5,8.7,8.9,8.9
976,7102,64,Tsca,304,18.9,,,27.6,29.6,31.7,34,36.2
977,7102,41,Acsa,308,14.2,38.1,38.1,38.6,38.6,38.5,,
978,7102,42,Belu,313,13.8,19.8,20,,,,,
979,7102,913,Acsa,319,18.2,,,48,49.4,49.6,51.4,52.7
980,7102,66,Tsca,320,6.8,,,15.6,17.1,19.2,21.8,24.5
981,7102,65,Tsca,321,13.4,,,11.4,12,12.4,13.1,13.2
982,7102,44,Tsca,323,15.5,,14.7,19.2,20.5,21.4,22.8,24.5
983,7102,43,Tsca,323,15.5,,13.7,19.6,21.4,23.1,25,27.2
984,7102,915,Tsca,329,16.5,,,13.7,14.8,15.5,15.6,17.9
985,7102,67,Tsca,334,13.1,,,6.2,,,,
987,7102,48,Tiam,336,8.3,46.2,46.9,52.5,54.7,56.1,,
988,7102,68,Tsca,336,13.5,,,15.1,17.4,18.8,20.5,22.6
986,7102,914,Acsa,336,18.6,,,70.3,69.4,70.1,70.5,71.5
989,7102,45,Belu,341,12.5,21.3,21.8,22.7,22.8,,,
990,7102,46,Tsca,342,12.8,13.7,14.9,18.7,19.8,19.8,22,22.7
991,7102,916,Acsa,346,17.6,,,49.5,50.1,50.7,50.9,51.3
992,7102,69,Tsca,354,12.2,,,5.8,,,,
994,7103,10,Acsa,-1,-0.1,27.4,29.2,,,,,
993,7103,8,Belu,-1,-0.1,32,,,,,,
995,7103,1,Osvi,10,6.2,12.9,13.4,15.4,15.9,15.7,16.8,
996,7103,901,Acsa,11,18.3,,,59.6,60.3,61.1,,
997,7103,2,Acsa,13,14.2,28.7,29.4,32,32.8,33.3,33.8,34.3
998,7103,28,Tsca,19,14,,,17.7,18.9,20.2,20.9,22.8
999,7103,29,Tsca,36,6.5,,,15.5,17.7,18.8,20.8,23.6
1000,7103,3,Acsa,39,13,38.1,39.1,43.5,44.6,46,46.5,47.9
1001,7103,4,Acsa,50,11.7,65,67,75.6,76,76.6,78.3,
1002,7103,903,Acsa,65,17.9,,,53.3,54.8,58,58.47,60.4
1003,7103,5,Acsa,70,11.1,22,22.8,27.2,28.9,30.9,32.1,
1004,7103,7,Tiam,73,5.7,41.1,41.9,50.1,51,53,53.6,53.9
1005,7103,6,Tiam,77,6.6,41.1,42.1,,,,,
1006,7103,27,Tsca,85,2.4,,,20.8,22.6,24.9,27.7,31.5
1007,7103,9,Belu,97,7.9,19.8,20.5,24,,,,
1008,7103,30,Osvi,111,11.2,,,6.1,6.5,6.8,7,
1009,7103,11,Tsca,130,14.3,12.9,14.7,22.6,24.4,26.5,28.7,
1010,7103,12,Acsa,136,11.5,17.7,19.3,24.3,25.5,26.6,27.7,28.6
1011,7103,31,Osvi,150,9.6,,,6,6.8,6.9,7.8,8.5
1012,7103,14,Tiam,153,16.1,39.3,40.8,48.8,50.1,51.6,51.88,54.8
1013,7103,13,Acsa,154,15.3,38.1,38.3,,,,,
1014,7103,32,Osvi,155,7.1,,,11.2,12,12.3,13,13.5
1015,7103,33,Osvi,164,12.9,,,8.4,8.9,9.5,10.3,11.5
1017,7103,15,Belu,176,14.4,29.9,31.4,36.9,37.2,36.5,36.7,38
1016,7103,905,Acsa,176,16.6,,,38.2,38.4,39,39.08,39.2
1450,7103,,Acpe,184,5.2,,,,2,,,
1453,7103,,acpe,189,4.4,,,,,,,2.7
1454,7103,,osvi,197,11.1,,,,,,,5
1451,7103,,Osvi,199,7,,,,1.2,,,
1018,7103,16,Acsa,199,12,53.3,53.8,57.2,57.7,57.8,58,58.3
1019,7103,18,Tiam,216,16,68.5,69.3,75.6,76.9,77.6,77.2,
1020,7103,17,Acsa,217,11.2,44.4,45.4,49.8,50.6,52.2,52.4,53.7
1455,7103,,osvi,228,11.7,,,,,,,5.2
1452,7103,,Osvi,231,7.9,,,,1.5,,,
1021,7103,19,Acsa,241,7,39.6,40.8,46.1,47.4,48.2,48.8,50
1022,7103,906,Acsa,246,18.4,,,39.3,39.9,40.9,41.06,44
1023,7103,35,Osvi,254,14.3,,,8.7,8.7,8.7,9,10
1024,7103,36,Osvi,256,12.2,,,7.5,7.8,8.4,8.7,
1025,7103,907,Acsa,262,16.3,,,42.4,44,45.3,45.59,
1026,7103,34,Belu,264,3.8,,,8.9,9.2,9.7,9.9,9.8
1027,7103,20,Acsa,284,9.3,63.5,64.7,72.2,73.7,76.5,76.4,77.4
1028,7103,26,Tsca,305,12.6,,13.2,23.5,25.6,27.4,29.2,31.7
1029,7103,21,Acsa,319,13.7,33.5,34,38.3,39.1,39.9,40.3,41.3
1030,7103,38,Osvi,325,2.4,,,5.2,5.4,5.5,5.4,6.3
1031,7103,22,Belu,335,12,45.7,46.4,,,,,
1032,7103,23,Acsa,340,14.1,40.8,42.4,49.4,51,51.8,52.2,53.6
1033,7103,24,Tsca,345,10.9,17.5,19.3,27.7,27.8,28.9,30.6,32.3
1034,7103,37,Osvi,346,8,,,6.3,6.3,6.6,6.3,6
1035,7103,909,Acsa,349,17.5,,,42.6,43.2,44.6,44.8,46.5
1036,7103,25,Acsa,356,8.4,41.9,42.6,46,47.2,47.6,47.9,48.1
1037,7104,47,Acsa,-1,-0.1,28.7,28.9,,,,,
1038,7104,2,Tsca,1,14.2,13.2,14.2,19.1,21.2,22.7,24.6,26.3
1039,7104,9,Osvi,2,5.1,13.7,13.9,,,,,
1040,7104,5,Tsca,3,11.3,,13.4,19.3,20.8,22.3,24.4,26.5
1041,7104,68,Tsca,5,10.3,,,9.5,9.6,10,10.3,11
1042,7104,3,Acsa,8,13.9,44.7,45.4,49.7,50.3,,,
1043,7104,901,Acsa,9,18.1,,,26.8,27.5,30,30.32,30.7
1044,7104,911,Tsca,13,15.5,,,17.1,18,18.5,19.3,20.5
1045,7104,53,Tsca,14,16,,,10.7,10.7,10.5,10.7,11.6
1046,7104,8,Acsa,15,5.1,44.7,44.9,47.2,47.9,,,
1047,7104,73,Acsa,15,13.3,,,13,,,,
1048,7104,54,Tsca,19,15.9,,,17.1,18.1,19,19.7,20.3
1049,7104,4,Acsa,24,14,33.7,34.5,38.4,39.2,40.1,41,42.2
1050,7104,6,Tsca,26,8.8,20.5,21.8,26.7,,,,
1051,7104,,Tsca,32,14.6,,,23.8,23.9,24.7,25.5,26.5
1052,7104,,Tsca,35,15,,,13.5,13.9,13.8,13.8,14.1
1053,7104,55,Osvi,37,7.1,,,12.2,12.3,12.3,,
1054,7104,11,Tsca,44,11.3,23.8,24.1,26.3,27.1,28.1,28.8,30.2
1055,7104,10,Acsa,49,9.1,34.7,35.3,38.2,38.5,39.5,40.1,40.4
1056,7104,56,Tsca,53,9.9,,,7.9,7.8,,,
1057,7104,57,Tsca,53,11.4,,,10.7,,,,
1058,7104,12,Tsca,56,8.3,,12.9,16,17.6,17.8,18,19.3
1059,7104,912,Acsa,58,14.7,,,30.1,30.6,30.9,31.1,31.9
1060,7104,52,Belu,59,8.8,,,15.3,14.9,,,
1061,7104,59,Tsca,66,14.3,,,13.5,13.8,14,14.2,14.5
1064,7104,14,Abba,72,6.9,14.9,14.9,,,,,
1065,7104,13,Acsa,72,9.6,46.7,47.4,51.6,52.9,54.3,54.2,55.8
1062,7104,913,Tsca,72,13.8,,,31.7,33.2,33.6,35,36
1063,7104,902,Acsa,72,19.9,,,53.2,54.5,56.3,56.61,60
1066,7104,16,Tsca,87,4.9,21,21.8,24.7,25.8,25.7,26.4,27.2
1067,7104,61,Acru,91,13.5,,,22.4,23,22.6,,
1068,7104,15,Acpe,93,5.8,14.9,16.2,17.9,,,,
1069,7104,17,Tsca,125,2.2,37.3,38.8,45.5,47.8,49.8,51.4,53
1070,7104,915,Tsca,138,14.7,,,45.6,48.2,51.3,53.4,56
1071,7104,906,Tsca,146,17.3,,,32.1,33.9,35.4,35.73,39
1073,7104,62,Osvi,153,5,,,13.4,13.8,14.1,14.3,
1074,7104,916,Tsca,161,15.2,,,12.2,12.2,,,
1075,7104,914,Belu,163,15.9,,,36.4,38.2,40.6,41.7,43.8
1076,7104,904,Tsca,166,17.1,,,20.3,21.4,21.3,21.4,21.5
1077,7104,19,Tsca,167,8.3,15.2,16.5,18.6,21.6,22.2,22.7,23.8
1078,7104,903,Tsca,167,16.5,,,22.8,23.4,23.7,24,24.2
1079,7104,21,Tsca,180,12.1,20,21,25.1,26.1,26.8,27.6,28.5
1080,7104,20,Acsa,181,10,44.1,45.2,49.4,50.3,51.1,51.9,51.7
1081,7104,24,Tsca,199,16.5,33,34.5,40,40.6,42.1,42.8,44.3
1082,7104,22,Osvi,201,12.6,12.7,12.9,13.7,13.1,,,
1083,7104,66,Tsca,202,16,,,11.7,11.3,11.5,11.6,
1084,7104,23,Tsca,203,13.7,18,19,21.6,22.7,23.5,24.5,25.4
1085,7104,18,Tsca,206,5.2,23.3,25.1,31.5,33.1,35.4,37.7,40.4
1086,7104,25,Tsca,215,12.7,20.5,22,27.2,28.3,29.4,30.7,32.5
1087,7104,67,Tsca,220,14.6,,,10.4,10.6,10.6,10.9,11.3
1088,7104,26,Acsa,232,15.3,25.4,25.4,26.1,26,,,
1089,7104,27,Abba,242,15,23.6,24.8,31,31.6,32,32.3,
1090,7104,28,Tsca,243,12.2,15.7,16.7,19.1,18.8,19.7,20.2,21.1
1091,7104,29,Tsca,243,12.2,20.8,21.8,25.1,26.7,28.5,29.5,31
1092,7104,30,Tsca,250,13,12.7,12.9,14.1,14.8,14.9,14.9,15.6
1093,7104,31,Abba,255,16.2,17.7,18.2,,,,,
1094,7104,35,Tiam,259,8.6,41.6,42.1,46,46.8,,,
1095,7104,917,Tsca,261,14.2,,,30,30.6,32.2,33,34.3
1096,7104,32,Tsca,262,18.2,15.4,16.7,21.5,22.8,23.5,23.7,25.9
1097,7104,36,Tsca,270,6.5,15.2,16.2,20.2,21.5,23,24.7,26.2
1098,7104,33,Acsa,271,17.4,40.1,41.1,47.4,48.7,50.4,50.7,51.9
1099,7104,34,Abba,274,11.7,14.9,15.2,,,,,
1100,7104,918,Tsca,274,14.8,,,8.8,8.9,8.8,,
1101,7104,70,Tsca,279,17.1,,,12.3,12.3,12.1,12.08,
1103,7104,39,Belu,287,11,35.3,36.3,40.3,39.9,,,
1102,7104,69,Osvi,287,17.3,,,9.5,9.2,9.2,9.17,9.1
1105,7104,40,Tsca,289,11.1,17,18.2,21.5,22.3,23.2,24.3,24.5
1104,7104,41,Tsca,289,11.4,19.3,20.3,24.8,26.1,27.9,28.9,30.5
1106,7104,42,Acsa,292,14.3,51.8,52,,,,,
1108,7104,37,Acsa,294,4.9,52,53,59,60.4,61.8,62.7,63.7
1110,7104,38,Tsca,294,9,24.8,26.1,32.2,32.1,33.8,34.6,35.6
1109,7104,43,Tsca,294,14.5,23.8,25.4,31.2,32.6,34.1,35.1,37.2
1107,7104,44,Belu,294,16.1,22.8,,,,,,
1111,7104,45,Acsa,299,17.3,38.8,39.6,46,47,48.8,49.08,53.7
1112,7104,910,Tiam,313,18.2,,,29,29.8,31,31.2,33.8
1113,7104,71,Belu,318,15.2,,,13.5,13.8,14.8,15,
1114,7104,50,Acsa,324,5.9,31.4,32,34.3,35.3,36,36.6,37.8
1115,7104,46,Belu,327,15.7,21.3,21.5,23.6,23.5,24.6,25,
1116,7104,49,Osvi,335,7.5,14.7,14.7,17.7,18.5,19.3,19.6,20.7
1117,7104,72,Tsca,340,9,,,9.2,,,,
1118,7104,48,Acsa,348,12.4,42.1,42.4,44.9,45.1,,,
1119,7104,1,Belu,352,13.6,23.6,24.3,,,,,
1121,7105,57,Tsca,1,9.6,32,32,33.1,33.4,33.9,33.8,33.8
1120,7105,918,Tsca,1,18,,,40.7,42.2,43.3,43.56,44.3
1122,7105,56,Belu,4,14.3,36.5,37.3,,,,,
1123,7105,2,Tsca,20,12.8,38.8,39.6,43.5,43.4,45.8,46.8,47.8
1124,7105,1,Tsca,26,2.7,20.8,21.5,23.9,24.5,24.7,24.3,24.6
1125,7105,3,Tsca,37,13.3,33.2,34.5,39.3,40,39.8,39.7,
1126,7105,4,Belu,47,11.8,37.5,37.8,,,,,
1127,7105,5,Tsca,50,8,28.4,29.2,33.5,34.9,36.2,37.7,38.7
1128,7105,7,Tsca,58,13.5,16,16.2,18.5,19.5,20.2,21.2,22
1129,7105,901,Tsca,64,18.4,,,43.4,44.3,44.7,44.83,
1130,7105,6,Tsca,69,9.8,45.9,46.7,49.6,50.9,51.7,52.5,53
1131,7105,60,Tsca,75,4.5,,,15.7,16.5,17.2,17.7,18.4
1132,7105,8,Tsca,75,16.1,43.4,44.1,49,51.4,51.9,53.4,
1133,7105,11,Acsa,78,10.1,50.8,51,55.5,57.2,56,,
1134,7105,9,Tsca,78,15.5,24.8,25.1,26.5,27.9,27.4,27.5,28
1135,7105,12,Tiam,85,14.8,23.8,24.1,,,,,
1136,7105,13,Tsca,96,10,18.7,19.3,22.2,23.4,24.2,25,25.6
1137,7105,14,Acsa,97,10.4,30.7,31.4,36.5,38.7,40.6,42.2,42.2
1139,7105,10,Tiam,100,4.6,34.2,34.5,31.7,33.8,36.2,37.6,39.1
1138,7105,15,Tsca,100,14,35.5,36.8,42,43.6,45.2,46.8,48
1140,7105,903,Belu,101,18.1,,,42.4,44.4,44.6,44.82,45.7
1141,7105,902,Tsca,102,17.2,,,15.8,16.4,16.7,16.79,17.4
1142,7105,61,Tsca,115,8.4,,,13.9,15,15.6,16.1,16.5
1143,7105,16,Tsca,122,13,13.4,13.7,15.4,15.8,16.2,16.3,16.5
1144,7105,17,Acsa,127,15.7,57.4,58.4,65.6,68.4,67.2,68,71.2
1145,7105,904,Qubo,128,18.1,,,23.2,23.6,24.3,24.41,25.1
1146,7105,18,Tsca,130,10.9,50,51,,,,,
1147,7105,19,Tsca,138,6.6,24.1,25.1,30.9,32.6,35.2,36.6,38.3
1148,7105,20,Acsa,142,8.4,44.7,,,,,,
1149,7105,62,Tsca,146,15.8,,,4.9,,,,
1150,7105,21,Tsca,149,11.3,29.2,29.7,33.3,34.3,35.4,36.4,37.5
1151,7105,22,Tsca,155,12.1,32.5,33,36.7,37.7,38.9,38.6,39
1152,7105,24,Tsca,157,9,,12.7,16.7,18.6,19.4,19.7,
1153,7105,905,Tsca,158,19.4,,,33.9,34.9,36.4,36.65,38.5
1155,7105,25,Belu,160,4.7,31.4,32,,,,,
1154,7105,23,Tsca,160,8.2,49,49.2,,,,,
1156,7105,26,Tsca,176,13.5,20,21.5,30.9,33.8,36.4,38.6,40.2
1157,7105,27,Acsa,178,16,36.8,37,40.8,42,40.8,40.5,40.9
1159,7105,63,Tsca,185,10.8,,,7.4,8.7,9.5,9.9,9.9
1158,7105,28,Acsa,185,12.8,17.5,18,20.8,21.3,21.1,,
1160,7105,29,Pogr,195,16.1,45.7,47.7,,,,,
1161,7105,30,Acsa,205,14.7,14.7,14.7,15.8,16.2,16.4,16.6,17.1
1162,7105,36,Acsa,208,3.5,26.9,27.6,,,,,
1164,7105,35,Tsca,211,5.9,27.6,28.7,29.4,,,,
1163,7105,31,Belu,211,13.6,14.7,14.9,17.2,18,17.8,17.9,
1165,7105,64,Tsca,211,14.8,,,16.3,18.4,19.3,20,21.3
1167,7105,34,Tiam,212,9.4,46.4,46.7,,,,,
1166,7105,33,Tiam,212,9.7,14.7,16,,,,,
1168,7105,907,Acsa,215,17,,,34.9,35.8,35.9,36,36.6
1169,7105,32,Acsa,217,11.3,32.2,33,38.4,39.7,40.8,41.3,42.3
1170,7105,51,Belu,218,7.6,42.1,42.6,,,,,
1171,7105,41,Tsca,225,13.8,23.1,23.8,26.9,27.9,28.7,29.4,34.1
1172,7105,40,Acsa,231,12.7,37.5,38.3,43.2,44.5,45.1,45.5,45.9
1173,7105,908,Tsca,234,16.3,,,32.2,33,33.4,33.52,36.7
1175,7105,37,Tsca,239,5.4,35.5,36.3,39.4,40.6,42.5,43.5,44.8
1174,7105,64,Tsca,239,7.9,,,11,11.7,12.2,12.4,12.3
1176,7105,39,Tsca,239,11.3,14.7,15.2,17.4,18.2,18.5,18.8,19.1
1177,7105,909,Tsca,243,17.8,,,33,34.1,35,35.2,36.7
1178,7105,42,Belu,247,14.4,18.5,18.5,,,,,
1180,7105,38,Tsca,251,8.5,40.8,41.6,46.3,47.7,49.2,50.7,52.1
1179,7105,43,Tsca,251,15.5,14.2,14.7,16.2,16.7,17,17.3,17.4
1181,7105,910,Acru,253,18.3,,,39.8,40,40.2,40.24,41
1182,7105,44,Tsca,256,12.2,13.4,13.7,13.3,14.5,14.7,14.6,14.7
1184,7105,45,Tsca,264,12,20.8,21.5,26.5,27.8,29.5,30.7,31.2
1183,7105,911,Qubo,264,16.9,,,54.9,57.1,56.4,56.55,59.9
1185,7105,65,Tsca,269,5.2,,,6.3,7,7.2,7.2,7.7
1186,7105,46,Belu,279,11.7,25.4,26.4,37.4,,,,
1188,7105,47,Tsca,291,9.4,27.1,27.4,30.9,32.5,34.4,35.8,36.9
1187,7105,913,Acsa,291,16.8,,,24.7,26.7,28.1,28.4,30.5
1189,7105,67,Tsca,294,0.09,,,14.7,16,16.4,17.2,17.4
1190,7105,914,Tsca,296,18.1,,,21.3,22.8,23.7,,
1191,7105,919,Belu,297,15.7,,,70,,,,
1192,7105,52,Tsca,302,4.2,27.6,28.7,33.8,35.4,37.3,38.4,39.2
1193,7105,48,Tsca,302,11.7,32.2,33.5,,,,,
1195,7105,49,Tsca,305,8.3,25.6,26.1,,,,,
1194,7105,50,Tsca,305,8.4,19,19.3,,,,,
1196,7105,68,Tsca,326,15.1,,,8.9,10.4,11.1,11.4,11.7
1197,7105,54,Tsca,330,10.1,19,19.5,22.5,24.5,25.4,26.2,27.5
1198,7105,69,Tsca,332,5.5,,,7.7,8.1,8.6,8.7,8.8
1200,7105,915,Tiam,332,19.2,,,39.5,39.9,40.9,41.04,
1199,7105,916,Tiam,332,19.6,,,34.5,35.8,36.8,37.03,40.4
1201,7105,53,Tsca,334,7.1,29.7,30.2,32.6,33.7,34.7,35.6,36.1
1202,7105,55,Tsca,343,13,24.3,25.1,29.7,31.1,32.4,33.4,34.2
1203,7105,917,Tsca,346,16.4,,,33.2,34.1,34.8,34.96,35.8
1204,7105,58,Tsca,355,7.5,41.1,41.9,45.3,46.6,47.6,48.5,44.2
1205,7105,59,Tsca,357,6.4,37.3,37.8,41.2,42.4,42.7,43.6,44.1
1206,7106,55,Tsca,-1,-0.1,16.5,17.5,,,,,
1207,7106,46,Abba,-1,-0.1,12.9,13.2,,,,,
1208,7106,901,Acsa,1,16.4,,,34.2,34.9,35.1,35.19,35.6
1209,7106,4,Belu,2,14.7,25.4,25.9,27.1,27.3,26.9,27,
1210,7106,2,Tsca,6,3.2,27.9,28.7,32.5,32.8,33.6,34.5,35.3
1211,7106,3,Belu,9,11.4,31.4,32.2,36.3,38,37.5,38,38.5
1212,7106,5,Tsca,13,15.4,28.1,28.9,31.7,32.4,32.7,33.3,34.1
1213,7106,71,Tsca,14,11,,,8.5,8.9,9,8.8,9
1214,7106,6,Tsca,21,14.1,33.5,34.2,39,40.2,40.9,42.1,42.2
1215,7106,1,Acru,25,2.6,34,34.7,36.9,36.4,37.8,38.4,38.9
1216,7106,70,Tsca,33,1.7,,,12.8,12.5,12.5,12.6,12.8
1217,7106,12,Tsca,36,8.7,24.6,25.6,29.8,30.2,31.1,32.1,33.2
1218,7106,7,Tsca,40,14.8,14.7,15.4,18.6,19,19.5,20.2,21
1220,7106,11,Tsca,43,9.8,20.5,21,22.4,22.6,22.9,23.3,23.5
1219,7106,8,Acsa,43,12.7,17,17.2,17.6,17.8,17.8,18.1,
1221,7106,9,Acsa,43,13,35,36,38.5,39.3,39.7,40,40.5
1222,7106,13,Belu,47,8,33.7,34.7,38.3,37.8,38.4,39,39.2
1223,7106,906,Tsca,50,18.8,,,28.2,28.4,28.8,28.86,29.4
1224,7106,14,Tsca,54,7.7,16.5,16.7,17.5,17.2,,,
1225,7106,15,Tsca,59,8.7,14.9,15.4,16.5,16.4,16.5,16.5,16.7
1227,7106,10,Tsca,59,13.2,23.8,24.6,27.7,28.5,29.7,30,30.7
1226,7106,72,Tsca,59,15.3,,,5.3,,,,
1228,7106,73,Tsca,62,15.2,,,6.9,,,,
1229,7106,18,Tsca,68,6.3,23.8,24.6,27.7,28.5,28.9,29.7,30.4
1230,7106,907,Tsca,69,18.3,,,42.8,44.2,45.4,45.66,47.1
1231,7106,16,Tsca,72,9.2,27.4,28.4,32.4,33.4,34.3,35.1,36.3
1232,7106,17,Tsca,77,8.8,13.4,13.9,14.9,15,15.3,15.4,15.4
1235,7106,19,Acru,83,6,36.8,37.3,39.5,39.5,,,
1233,7106,74,Tsca,83,7.3,,,7.5,7.6,7.7,,
1234,7106,908,Acsa,83,16.2,,,30.4,30.5,30.4,31,31.4
1236,7106,28,Tsca,88,15.2,26.9,27.9,31.6,33.2,33.4,34.1,34.7
1237,7106,909,Acsa,89,18.8,,,26.2,26.3,27.2,27.3,27.7
1238,7106,29,Tsca,93,15.2,22.3,22.3,19,19.7,19.7,19.9,20.3
1239,7106,31,Tsca,97,12.3,13.9,14.4,16.7,16.9,17.1,17.3,17.6
1240,7106,910,Tsca,97,18.7,,,22.7,23.2,23.8,23.91,25.5
1241,7106,30,Tsca,98,13.7,35.8,37.3,44.5,46.2,47.9,49.2,50.5
1242,7106,76,Tsca,99,12.1,,,9.7,9.5,9.4,9.4,
1243,7106,27,Acsa,102,9.1,22.8,23.6,26.5,26.9,27.7,27.8,28.4
1244,7106,75,Tsca,104,9,,,8.6,,,,
1245,7106,26,Belu,106,9.1,17,17.5,,,,,
1246,7106,911,Acsa,111,17.6,,,37.5,38.6,39.6,39.81,41.2
1247,7106,25,Tsca,114,8.8,22.8,23.6,26.4,27.3,28,28.7,30
1248,7106,24,Ulam,121,7.7,22.3,22.8,27.2,28.1,28.9,29.5,30.3
1249,7106,912,Tsca,124,16.8,,,16.8,17.3,17.9,18.01,18.6
1250,7106,34,Tsca,126,14,27.6,27.9,29.8,31,32.3,33.3,34.4
1251,7106,33,Tsca,127,15,18.7,19.8,24.3,24.8,25.3,25.6,26.5
1252,7106,32,Tsca,129,8.3,23.3,24.3,,,,,
1253,7106,23,Tsca,137,8.2,25.6,26.6,32,34.2,36,37.5,38.5
1254,7106,20,Pist,151,2.8,45.2,46.4,55.2,57.4,59.9,62.8,
1256,7106,35,Belu,151,11,12.9,12.9,,,,,
1255,7106,39,Acru,151,11.2,12.9,13.2,30.3,30.1,29.6,29.8,30.3
1257,7106,78,Tsca,151,15.3,,,8.1,8.5,8.7,,
1259,7106,79,Tsca,152,12.5,,,11.5,,,,
1258,7106,36,Belu,152,14.9,32.7,33.5,37.7,37.8,37.7,38.2,38.1
1260,7106,87,Tsca,158,10.9,,,18.7,20.6,22.5,24.3,25.5
1261,7106,38,Belu,161,14,18.7,19,,,,,
1262,7106,913,Belu,161,17.6,,,39.6,40.1,40.5,40.59,43.4
1263,7106,77,Tsca,167,6.1,,,11.1,11.4,11.7,,
1264,7106,37,Acru,169,15,31.7,33.2,37.5,38.3,38.5,38.4,38.5
1265,7106,41,Belu,170,6.6,21,21.3,,,,,
1266,7106,21,Tsca,180,2.7,16.7,17,19,19,19.4,20,20.6
1267,7106,40,Tsca,182,8.3,39.1,39.3,,,,,
1268,7106,916,Fram,186,16.6,,,28.1,28.9,30.2,30.4,30.1
1269,7106,22,Pogr,190,3.5,45.2,46.2,53.9,54.7,56.2,,
1270,7106,80,Abba,202,13.1,,,6.2,6.9,7.9,8.6,9.1
1271,7106,45,Acru,204,13.1,24.1,25.9,34.2,36.1,38.8,41.1,42.1
1272,7106,914,Acru,205,17,,,32,34.1,35.9,36.29,37.5
1273,7106,915,Belu,212,17.2,,,34.5,,,,
1274,7106,44,Acsa,217,6.5,27.6,27.6,30.8,30,29,29.1,31.3
1275,7106,918,Tsca,219,18,,,23.5,25.7,27.7,28.12,30.1
1276,7106,917,Acsa,221,17.9,,,23.2,23.5,24.4,24.52,24.5
1277,7106,42,Belu,222,3.3,17.2,17.5,18,,,,
1278,7106,47,Acsa,226,14,19.5,20,21.9,22.1,23.1,23.8,24.6
1279,7106,919,Belu,230,19.5,,,45.2,44.8,64.6,66.5,63.5
1280,7106,43,Acsa,232,6.1,48,48.2,50.1,50.1,50.7,50.5,50.8
1281,7106,48,Tsca,237,14.6,18.5,19.5,25.1,26.5,26.9,27.9,28.7
1282,7106,49,Acsa,240,14.4,24.6,25.1,27.3,27.7,28.3,29,29.9
1283,7106,50,Tsca,245,15.6,,,16,16.2,16.2,,
1284,7106,920,Acsa,251,18.2,,,32.2,32.5,32.9,32.97,33.2
1286,7106,81,Osvi,252,9.8,,,5.9,6.1,6.1,6.1,6.4
1285,7106,51,Acsa,252,14.4,23.1,23.3,25,24.8,24.6,24.9,25
1288,7106,58,Tsca,253,5.6,15.4,15.7,23.5,25,26.6,28.4,30.3
1287,7106,82,Tsca,253,11.8,,,9.7,10.1,10.3,10.4,10.4
1289,7106,54,Tsca,256,8,14.2,14.9,18.7,19.3,20,20.9,21.7
1290,7106,52,Acsa,260,12.5,17.5,17.7,17.9,,,,
1292,7106,921,Acsa,263,17,,,43.7,43.7,43.8,43.81,46
1291,7106,922,Tsca,263,17.5,,,19.4,19.6,19.7,,
1293,7106,53,Tsca,268,11.4,41.4,41.9,44.9,45,45.6,45.9,45.9
1294,7106,83,Tsca,271,14.4,,,6.5,,,,
1295,7106,923,Tsca,271,17.9,,,17.3,17.5,19,19.7,19.9
1296,7106,56,Acsa,277,12.6,22,22.3,23.9,23.9,24.2,24.6,25.7
1297,7106,924,Tsca,290,18,,,21.8,22.1,22.6,22.68,24
1298,7106,57,Tsca,292,10.4,24.8,25.4,28.1,28.3,29,28.5,30.5
1299,7106,58,Tsca,295,15.5,16.5,16.7,18.1,18.3,18.8,19.5,20.2
1300,7106,925,Tsca,298,17.6,,,24.6,25.5,26.3,26.47,28.8
1301,7106,69,Tsca,303,3.8,28.1,28.4,29.4,,,,
1304,7106,60,Tsca,310,8.4,23.8,24.1,26,26.4,26.9,27.1,27.6
1302,7106,59,Acsa,310,10.1,34,34.5,37.6,37.7,38.4,38.7,38.7
1303,7106,84,Tsca,310,11.1,,,13.9,14.2,14.5,15.1,15.5
1305,7106,926,Tsca,310,16.7,,,20.6,21,21.3,21.37,23.2
1306,7106,927,Belu,318,16.6,,,21.8,22.2,23.1,23.23,23.6
1308,7106,61,Tsca,321,7.4,19.8,20.3,22.4,23.1,23.8,24.6,25.2
1307,7106,63,Tsca,321,11,13.2,13.7,15.4,15.5,15.7,16.1,16.8
1309,7106,64,Tiam,322,12.8,31.4,32,34.7,36,36.8,38.2,39.6
1312,7106,,Tsca,337,4.2,,,14,14.5,14.6,,
1311,7106,65,Tsca,337,13.4,13.4,13.7,15.7,16.2,16.6,17.5,18.3
1310,7106,66,Acsa,337,15.5,18.7,18.7,19.5,,,,
1313,7106,928,Tsca,339,16.8,,,18.1,18.9,19.2,19.5,20.2
1314,7106,68,Tsca,340,14.5,13.9,13.9,14.5,16.1,,,
1315,7106,85,Tsca,346,11.7,,,7.4,7.3,7.4,7.7,7.5
1316,7106,67,Pigl,346,12.7,35.3,36,38.1,38.8,,,
1317,7106,86,Tsca,355,10.5,,,7.8,8,7.9,8.5,8.9
